Date,Core PCE Q/Q SAAR
31-Mar-2026,3.1
31-Dec-2025,3.0
30-Sep-2025,2.7
30-Jun-2025,2.8
31-Mar-2025,3.5
31-Dec-2024,2.4
30-Sep-2024,2.6
30-Jun-2024,2.2
31-Mar-2024,4.8
31-Dec-2023,1.8
30-Sep-2023,2.3
30-Jun-2023,3.7
31-Mar-2023,4.7
31-Dec-2022,4.1
30-Sep-2022,5.0
30-Jun-2022,5.3
31-Mar-2022,5.5
31-Dec-2021,6.6
30-Sep-2021,3.9
30-Jun-2021,6.4
31-Mar-2021,4.0
31-Dec-2020,1.9
30-Sep-2020,3.3
30-Jun-2020,-0.3
31-Mar-2020,1.2
31-Dec-2019,1.7
30-Sep-2019,1.2
30-Jun-2019,2.0
31-Mar-2019,1.3
31-Dec-2018,2.1
30-Sep-2018,1.3
30-Jun-2018,1.8
31-Mar-2018,3.0
31-Dec-2017,1.8
30-Sep-2017,1.2
30-Jun-2017,1.7
31-Mar-2017,1.6
31-Dec-2016,1.2
30-Sep-2016,1.8
30-Jun-2016,2.1
31-Mar-2016,2.0
31-Dec-2015,0.8
30-Sep-2015,1.3
30-Jun-2015,1.7
31-Mar-2015,0.9
31-Dec-2014,1.0
30-Sep-2014,1.4
30-Jun-2014,1.8
31-Mar-2014,1.2
31-Dec-2013,1.8
30-Sep-2013,1.4
30-Jun-2013,1.4
31-Mar-2013,1.6
31-Dec-2012,1.7
30-Sep-2012,1.2
30-Jun-2012,1.4
31-Mar-2012,2.5
31-Dec-2011,1.7
30-Sep-2011,1.7
30-Jun-2011,2.3
31-Mar-2011,2.2
31-Dec-2010,1.2
30-Sep-2010,0.6
30-Jun-2010,0.8
31-Mar-2010,1.5
31-Dec-2009,2.2
30-Sep-2009,1.7
30-Jun-2009,1.7
31-Mar-2009,0.5
31-Dec-2008,-0.9
30-Sep-2008,1.6
30-Jun-2008,1.9
31-Mar-2008,2.0
31-Dec-2007,2.7
30-Sep-2007,2.3
30-Jun-2007,1.7
31-Mar-2007,2.9
31-Dec-2006,1.5
30-Sep-2006,1.9
30-Jun-2006,3.3
31-Mar-2006,2.7
31-Dec-2005,2.6
30-Sep-2005,1.8
30-Jun-2005,1.6
31-Mar-2005,3.1
31-Dec-2004,2.3
30-Sep-2004,1.4
30-Jun-2004,2.2
31-Mar-2004,2.4
31-Dec-2003,1.8
30-Sep-2003,2.0
30-Jun-2003,1.2
31-Mar-2003,1.5
31-Dec-2002,1.1
30-Sep-2002,2.3
30-Jun-2002,2.2
31-Mar-2002,1.5
31-Dec-2001,3.8
30-Sep-2001,-1.0
30-Jun-2001,1.6
31-Mar-2001,2.6
31-Dec-2000,1.7
30-Sep-2000,2.4
30-Jun-2000,1.0
31-Mar-2000,2.4
31-Dec-1999,1.6
30-Sep-1999,2.0
30-Jun-1999,1.6
31-Mar-1999,0.6
31-Dec-1998,1.6
30-Sep-1998,1.9
30-Jun-1998,0.6
31-Mar-1998,1.4
31-Dec-1997,1.0
30-Sep-1997,0.9
30-Jun-1997,1.7
31-Mar-1997,2.2
31-Dec-1996,1.6
30-Sep-1996,2.3
30-Jun-1996,1.6
31-Mar-1996,1.9
31-Dec-1995,1.8
30-Sep-1995,2.1
30-Jun-1995,2.0
31-Mar-1995,2.7
31-Dec-1994,1.8
30-Sep-1994,1.9
30-Jun-1994,2.4
31-Mar-1994,2.6
31-Dec-1993,1.9
30-Sep-1993,2.2
30-Jun-1993,2.9
31-Mar-1993,2.8
31-Dec-1992,3.2
30-Sep-1992,2.6
30-Jun-1992,2.2
31-Mar-1992,3.2
31-Dec-1991,2.6
30-Sep-1991,4.0
30-Jun-1991,3.3
31-Mar-1991,4.0
31-Dec-1990,2.4
30-Sep-1990,4.1
30-Jun-1990,4.0
31-Mar-1990,5.5
31-Dec-1989,3.7
30-Sep-1989,3.0
30-Jun-1989,3.7
31-Mar-1989,4.3
31-Dec-1988,4.0
30-Sep-1988,4.9
30-Jun-1988,5.1
31-Mar-1988,4.5
31-Dec-1987,3.4
30-Sep-1987,4.0
30-Jun-1987,4.0
31-Mar-1987,3.0
31-Dec-1986,2.8
30-Sep-1986,2.9
30-Jun-1986,2.6
31-Mar-1986,4.5
31-Dec-1985,2.7
30-Sep-1985,4.0
30-Jun-1985,3.2
31-Mar-1985,5.9
31-Dec-1984,3.4
30-Sep-1984,3.7
30-Jun-1984,3.8
31-Mar-1984,5.5
31-Dec-1983,2.0
30-Sep-1983,6.6
30-Jun-1983,3.7
31-Mar-1983,4.8
31-Dec-1982,5.4
30-Sep-1982,6.1
30-Jun-1982,5.9
31-Mar-1982,5.9
31-Dec-1981,6.4
30-Sep-1981,8.0
30-Jun-1981,7.6
31-Mar-1981,9.0
31-Dec-1980,9.2
30-Sep-1980,9.9
30-Jun-1980,8.2
31-Mar-1980,11.3
31-Dec-1979,8.7
30-Sep-1979,7.6
30-Jun-1979,9.8
31-Mar-1979,5.8
31-Dec-1978,6.8
30-Sep-1978,7.0
30-Jun-1978,7.4
31-Mar-1978,6.3
31-Dec-1977,6.2
30-Sep-1977,6.3
30-Jun-1977,6.6
31-Mar-1977,6.8
31-Dec-1976,6.1
30-Sep-1976,7.1
30-Jun-1976,5.2
31-Mar-1976,5.1
31-Dec-1975,7.3
30-Sep-1975,6.2
30-Jun-1975,5.7
31-Mar-1975,7.5
31-Dec-1974,9.2
30-Sep-1974,11.6
30-Jun-1974,11.5
31-Mar-1974,7.9
31-Dec-1973,5.8
30-Sep-1973,5.7
30-Jun-1973,5.7
31-Mar-1973,3.2
31-Dec-1972,2.5
30-Sep-1972,3.4
30-Jun-1972,2.7
31-Mar-1972,3.6
31-Dec-1971,2.8
30-Sep-1971,2.8
30-Jun-1971,4.9
31-Mar-1971,4.5
31-Dec-1970,6.2
30-Sep-1970,4.7
30-Jun-1970,4.5
31-Mar-1970,4.4
31-Dec-1969,4.8
30-Sep-1969,4.7
30-Jun-1969,4.6
31-Mar-1969,4.9
31-Dec-1968,4.4
30-Sep-1968,4.6
30-Jun-1968,4.6
31-Mar-1968,5.2
31-Dec-1967,3.8
30-Sep-1967,4.1
30-Jun-1967,3.0
31-Mar-1967,1.7
31-Dec-1966,3.6
30-Sep-1966,3.2
30-Jun-1966,3.9
31-Mar-1966,1.6
31-Dec-1965,1.8
30-Sep-1965,1.6
30-Jun-1965,1.1
31-Mar-1965,1.3
31-Dec-1964,1.3
30-Sep-1964,1.1
30-Jun-1964,1.0
31-Mar-1964,1.7
31-Dec-1963,1.8
30-Sep-1963,1.5
30-Jun-1963,1.9
31-Mar-1963,1.5
31-Dec-1962,0.4
30-Sep-1962,1.2
30-Jun-1962,1.4
31-Mar-1962,2.1
31-Dec-1961,0.5
30-Sep-1961,1.8
30-Jun-1961,1.7
31-Mar-1961,0.6
31-Dec-1960,1.2
30-Sep-1960,1.6
30-Jun-1960,1.6
31-Mar-1960,0.9
31-Dec-1959,2.0
30-Sep-1959,2.7
30-Jun-1959,2.7
