Date,Industrial Production (Index) (% MoM),Nonfarm Payrolls (thousands) (% MoM),Real Disp. Personal Income (B$) (% MoM),Real Mfg & Trade Sales (M$) (% MoM)
28-Feb-1967,-1.1406,0.0336,-0.0171,-0.3846
31-Mar-1967,-0.5653,0.1542,0.3841,0.7217
30-Apr-1967,0.9387,-0.0977,0.0312,-0.0654
31-May-1967,-0.8764,0.2350,0.1532,-0.0819
30-Jun-1967,-0.0124,0.1979,0.3904,0.7401
31-Jul-1967,-0.2280,0.2097,0.4564,-0.6483
31-Aug-1967,1.8978,0.3863,0.4291,1.3343
30-Sep-1967,-0.1625,0.0317,0.1398,0.3524
31-Oct-1967,0.8110,0.0922,0.0335,-0.6963
30-Nov-1967,1.4202,0.7192,0.6267,2.6579
31-Dec-1967,1.0711,0.2949,0.2690,2.1991
31-Jan-1968,-0.1076,-0.1436,0.4944,-1.0081
29-Feb-1968,0.3576,0.6133,0.8150,-0.3157
31-Mar-1968,0.3118,0.1190,0.4880,0.7415
30-Apr-1968,0.1446,0.3871,0.3041,-0.1986
31-May-1968,1.1155,0.1420,0.6109,0.6984
30-Jun-1968,0.3667,0.3733,0.4839,0.7046
31-Jul-1968,-0.1535,0.3249,0.6070,0.9497
31-Aug-1968,0.2786,0.2990,0.3752,-1.7196
30-Sep-1968,0.3780,0.2251,0.5192,1.3899
31-Oct-1968,0.1985,0.3455,0.1452,1.3452
30-Nov-1968,1.2851,0.3820,0.4580,0.8586
31-Dec-1968,0.3153,0.3820,0.4036,-0.9317
31-Jan-1969,0.6031,0.2754,0.0262,0.0024
28-Feb-1969,0.6379,0.3737,0.4123,0.1556
31-Mar-1969,0.7811,0.2951,0.4936,0.3671
30-Apr-1969,-0.3685,0.2386,0.2510,0.4314
31-May-1969,-0.3789,0.3647,0.3998,-0.0689
30-Jun-1969,0.9724,0.4370,0.3880,-0.0573
31-Jul-1969,0.5265,0.1316,0.5448,0.0282
31-Aug-1969,0.2294,0.3937,0.6229,1.0791
30-Sep-1969,-0.0225,-0.1325,0.2683,0.4815
31-Oct-1969,0.0294,0.2915,0.1465,1.1500
30-Nov-1969,-0.9472,-0.0492,0.1060,-1.3942
31-Dec-1969,-0.2688,0.2178,0.1764,-0.1845
31-Jan-1970,-1.8690,-0.0913,0.1685,-1.2684
28-Feb-1970,-0.0658,0.1811,0.1757,0.0888
31-Mar-1970,-0.1299,0.2045,0.3781,-1.1754
30-Apr-1970,-0.2574,-0.1443,-0.5915,-0.5067
31-May-1970,-0.1167,-0.3144,0.2109,1.0803
30-Jun-1970,-0.3240,-0.1337,0.3231,0.3997
31-Jul-1970,0.2451,0.0338,0.5262,0.1067
31-Aug-1970,-0.1784,-0.1634,0.1963,-0.0463
30-Sep-1970,-0.6916,0.0099,-0.2759,-0.1738
31-Oct-1970,-2.0207,-0.5980,-0.5717,-1.0459
30-Nov-1970,-0.6075,-0.1589,-0.0401,-1.6927
31-Dec-1970,2.2705,0.5425,0.2551,3.1242
31-Jan-1971,0.7662,0.1031,0.9622,0.9750
28-Feb-1971,-0.1907,-0.0819,0.1039,0.5569
31-Mar-1971,-0.1083,0.0748,0.2740,0.4140
30-Apr-1971,0.5600,0.2481,0.2757,0.5425
31-May-1971,0.5060,0.2966,0.4072,0.4872
30-Jun-1971,0.4185,0.0098,0.0441,1.3639
31-Jul-1971,-0.2905,0.0856,0.1272,-1.1584
31-Aug-1971,-0.5822,0.0813,0.3781,0.6265
30-Sep-1971,1.6122,0.3371,0.4373,0.8964
31-Oct-1971,0.7459,0.0391,0.4064,0.0692
30-Nov-1971,0.4233,0.2857,0.4144,1.6765
31-Dec-1971,1.1478,0.3640,0.6064,0.9294
31-Jan-1972,2.3627,0.4594,0.5648,1.0515
29-Feb-1972,1.0041,0.2853,0.5616,-1.0852
31-Mar-1972,0.6892,0.4066,0.6501,1.8358
30-Apr-1972,0.9956,0.2984,0.3235,0.6771
31-May-1972,0.0138,0.4187,0.4180,0.6139
30-Jun-1972,0.2644,0.3926,0.3025,0.4354
31-Jul-1972,-0.1118,-0.0665,0.6484,-0.6229
31-Aug-1972,1.3837,0.5844,0.9945,2.3689
30-Sep-1972,0.7948,0.1658,0.4765,1.7051
31-Oct-1972,1.2622,0.5506,1.6826,1.3709
30-Nov-1972,1.1753,0.3996,0.7376,1.8950
31-Dec-1972,1.1079,0.3927,0.5910,1.3249
31-Jan-1973,0.7204,0.4626,-0.5356,1.2657
28-Feb-1973,1.4195,0.5236,0.3809,0.1561
31-Mar-1973,0.0488,0.3546,0.0442,-0.4001
30-Apr-1973,-0.1473,0.2239,0.3000,-0.4146
31-May-1973,0.6792,0.2521,0.3672,-0.3210
30-Jun-1973,0.1347,0.3113,0.3812,-0.1998
31-Jul-1973,0.3551,0.0338,0.3928,1.3536
31-Aug-1973,-0.1367,0.3310,-0.4015,-2.0882
30-Sep-1973,0.7961,0.1399,0.6213,0.6879
31-Oct-1973,0.8424,0.4274,0.9215,2.5327
30-Nov-1973,0.4533,0.4025,0.2301,1.6046
31-Dec-1973,-0.2877,0.1424,-0.2344,-1.3475
31-Jan-1974,-0.6611,0.0884,-1.1914,0.0901
28-Feb-1974,-0.3172,0.1970,-0.6493,-0.4919
31-Mar-1974,0.0040,0.0537,-0.6933,0.3376
30-Apr-1974,-0.2920,0.1098,-0.4959,-0.7316
31-May-1974,0.7892,0.2128,0.0666,0.4392
30-Jun-1974,-0.1765,0.0700,-0.0422,-0.3496
31-Jul-1974,0.2152,0.0407,0.0776,-0.2290
31-Aug-1974,-1.0675,-0.0216,-0.1420,-0.9747
30-Sep-1974,-0.0002,-0.0114,-0.1244,-0.8508
31-Oct-1974,-0.2727,0.0254,0.2176,-1.7272
30-Nov-1974,-3.3483,-0.4653,-0.7862,-1.0758
31-Dec-1974,-3.6757,-0.7863,-0.3696,-2.9752
31-Jan-1975,-1.4025,-0.4634,-0.3102,-0.2514
28-Feb-1975,-2.3203,-0.4863,-0.4603,-0.6485
31-Mar-1975,-1.1236,-0.3516,-0.0045,-3.0497
30-Apr-1975,0.2331,-0.2456,-0.1154,0.9968
31-May-1975,-0.3292,0.2143,0.5284,-0.0230
30-Jun-1975,0.6274,-0.1345,0.2047,0.8950
31-Jul-1975,1.0428,0.3249,-0.0427,0.4954
31-Aug-1975,0.9790,0.4977,0.8419,1.1664
30-Sep-1975,1.2827,0.0972,0.2850,0.2392
31-Oct-1975,0.4389,0.4032,0.4304,0.1220
30-Nov-1975,0.1343,0.1868,0.2189,-0.1467
31-Dec-1975,1.3562,0.4265,0.0420,1.0536
31-Jan-1976,1.3104,0.6210,0.5461,2.4457
29-Feb-1976,0.9759,0.3979,0.6545,0.4381
31-Mar-1976,0.2160,0.2939,0.4006,0.7531
30-Apr-1976,0.4949,0.3082,0.5375,0.4772
31-May-1976,0.4242,0.0252,0.3065,-0.1105
30-Jun-1976,0.1026,0.0807,0.0711,1.2216
31-Jul-1976,0.5679,0.2152,0.3418,0.0697
31-Aug-1976,0.6854,0.1972,0.3855,0.3449
30-Sep-1976,0.3451,0.2356,0.1623,0.2890
31-Oct-1976,-0.0304,0.0238,0.0832,-1.1869
30-Nov-1976,1.5127,0.4109,0.8219,1.6490
31-Dec-1976,1.0754,0.2589,0.3357,2.5576
31-Jan-1977,-0.7022,0.3004,-0.3801,-0.6543
28-Feb-1977,1.5676,0.3686,0.3612,1.3505
31-Mar-1977,1.2699,0.4964,0.4669,1.2025
30-Apr-1977,0.9564,0.4132,0.5003,-0.1211
31-May-1977,0.7854,0.4395,0.5227,0.0631
30-Jun-1977,0.7747,0.4861,0.3173,0.8981
31-Jul-1977,0.1278,0.4186,0.3803,0.2719
31-Aug-1977,0.0988,0.2905,0.2781,0.1651
30-Sep-1977,0.4115,0.5486,0.7990,0.3665
31-Oct-1977,0.1410,0.3203,1.1362,0.7462
30-Nov-1977,0.1838,0.4441,0.6235,0.4559
31-Dec-1977,0.1789,0.2812,0.5339,1.3165
31-Jan-1978,-1.4828,0.2177,-0.3816,-3.1094
28-Feb-1978,0.5342,0.4176,0.5251,2.2675
31-Mar-1978,1.8987,0.6009,0.6214,0.9991
30-Apr-1978,2.0074,0.8181,0.7964,2.9847
31-May-1978,0.4655,0.4019,0.0393,-0.0952
30-Jun-1978,0.6468,0.5085,0.5812,0.5528
31-Jul-1978,-0.0825,0.2917,0.2202,-0.8273
31-Aug-1978,0.4095,0.3194,0.4565,1.2957
30-Sep-1978,0.2531,0.1576,0.2632,-0.2286
31-Oct-1978,0.7471,0.3816,0.4359,0.8883
30-Nov-1978,0.7687,0.4933,0.1289,0.4324
31-Dec-1978,0.4975,0.3163,0.6418,0.5339
31-Jan-1979,-0.5432,0.1544,0.2403,-1.0999
28-Feb-1979,0.4781,0.2777,0.5662,-0.4737
31-Mar-1979,0.3260,0.4750,0.2989,2.8528
30-Apr-1979,-1.2087,-0.0693,-0.9794,-2.7350
31-May-1979,0.9028,0.4152,-0.2903,2.1897
30-Jun-1979,0.0210,0.3546,0.1586,-1.0262
31-Jul-1979,-0.1674,0.1209,0.1145,-0.1266
31-Aug-1979,-0.6609,0.0920,0.1735,0.1735
30-Sep-1979,-0.0169,0.0299,0.0742,-0.5661
31-Oct-1979,0.7236,0.1703,-0.0228,-0.2992
30-Nov-1979,-0.1550,0.1016,0.3155,0.0379
31-Dec-1979,0.0670,0.1092,0.2445,-0.2925
31-Jan-1980,0.5394,0.1411,-0.1155,0.8431
29-Feb-1980,0.0271,0.0914,-0.3892,-0.9451
31-Mar-1980,-0.4079,0.1221,-0.3430,-2.3033
30-Apr-1980,-2.0063,-0.1595,-0.2006,-2.1640
31-May-1980,-2.4909,-0.4733,-0.4217,-1.2885
30-Jun-1980,-1.3006,-0.3534,0.1612,-0.2883
31-Jul-1980,-0.7059,-0.2901,-0.3400,1.2539
31-Aug-1980,0.3131,0.2879,0.3515,0.7182
30-Sep-1980,1.6366,0.1264,0.3331,2.0844
31-Oct-1980,1.2632,0.3066,1.1496,2.0670
30-Nov-1980,1.6604,0.2836,0.4693,0.0665
31-Dec-1980,0.6635,0.2158,0.4072,0.2466
31-Jan-1981,-0.6431,0.0989,-0.2738,0.6070
28-Feb-1981,-0.4270,0.0791,-0.2934,-0.4131
31-Mar-1981,0.5075,0.1152,0.2878,-1.0384
30-Apr-1981,-0.4406,0.0800,-0.0827,0.0559
31-May-1981,0.5715,0.0142,0.3190,-0.7097
30-Jun-1981,0.5082,0.2123,0.6294,-0.2643
31-Jul-1981,0.6534,0.1213,1.0538,0.2297
31-Aug-1981,-0.1247,-0.0393,0.4962,-0.4013
30-Sep-1981,-0.4828,-0.0962,-0.0972,-0.6903
31-Oct-1981,-0.7917,-0.1061,-0.3511,-1.3683
30-Nov-1981,-1.1691,-0.2290,0.0571,-0.7760
31-Dec-1981,-1.0690,-0.3032,-0.0589,-1.3030
31-Jan-1982,-2.0862,-0.3637,-0.2009,-0.5276
28-Feb-1982,2.0158,-0.0022,0.3684,1.5836
31-Mar-1982,-0.6666,-0.1425,-0.0809,0.0798
30-Apr-1982,-0.9275,-0.3145,0.5761,0.1128
31-May-1982,-0.6679,-0.0477,0.0311,0.5134
30-Jun-1982,-0.2607,-0.2689,-0.4197,-1.4279
31-Jul-1982,-0.3292,-0.3835,-0.3680,-0.3862
31-Aug-1982,-0.9171,-0.1767,0.2117,-0.9211
30-Sep-1982,-0.2469,-0.2016,-0.2007,0.1929
31-Oct-1982,-0.9728,-0.3100,-0.1919,-1.0345
30-Nov-1982,-0.3254,-0.1362,0.0831,0.2719
31-Dec-1982,-0.7100,-0.0169,0.5887,-0.2752
31-Jan-1983,1.8464,0.2464,0.1155,1.8903
28-Feb-1983,-0.6295,-0.0821,0.0055,-0.4222
31-Mar-1983,0.8405,0.1944,0.3968,1.6632
30-Apr-1983,1.2580,0.3071,0.1641,-0.0092
31-May-1983,0.6015,0.3128,0.4598,1.5421
30-Jun-1983,0.6107,0.4197,0.2789,2.5368
31-Jul-1983,1.4783,0.4610,0.5860,-0.0532
31-Aug-1983,1.1759,-0.3411,-0.1169,-0.1635
30-Sep-1983,1.4440,1.2328,0.8638,1.5188
31-Oct-1983,0.7617,0.2987,1.1426,1.0898
30-Nov-1983,0.4450,0.3871,0.6226,1.0210
31-Dec-1983,0.5009,0.3856,0.9041,1.8352
31-Jan-1984,1.9763,0.4792,0.3850,0.6442
29-Feb-1984,0.4384,0.5209,0.7140,-0.0538
31-Mar-1984,0.4884,0.2916,0.6321,0.0855
30-Apr-1984,0.5899,0.3878,0.6858,0.5525
31-May-1984,0.5413,0.3257,0.2744,0.7870
30-Jun-1984,0.3661,0.4041,0.8270,0.8855
31-Jul-1984,0.2766,0.3276,0.2864,-0.5355
31-Aug-1984,0.1030,0.2560,0.6784,-0.0252
30-Sep-1984,-0.2965,0.3278,0.9194,-0.1233
31-Oct-1984,-0.0110,0.2985,-0.4206,0.4187
30-Nov-1984,0.3363,0.3685,0.5555,0.8838
31-Dec-1984,0.0322,0.1301,0.4805,0.1195
31-Jan-1985,-0.0172,0.2754,-0.1015,-0.2501
28-Feb-1985,0.2747,0.1358,0.0818,0.3400
31-Mar-1985,0.1510,0.3507,0.4685,0.8715
30-Apr-1985,-0.2179,0.2022,-0.1956,-0.1026
31-May-1985,0.1453,0.2820,0.2721,1.1518
30-Jun-1985,-0.0485,0.1509,0.4255,-1.6678
31-Jul-1985,-0.4743,0.1937,-0.0259,0.1918
31-Aug-1985,0.3037,0.1964,0.1814,1.8011
30-Sep-1985,0.3378,0.2093,0.4649,0.2679
31-Oct-1985,-0.3115,0.1916,0.5268,-0.9263
30-Nov-1985,0.3512,0.2135,0.1649,0.7292
31-Dec-1985,0.9584,0.1685,0.6869,-0.5357
31-Jan-1986,0.5520,0.1247,-0.2927,1.4919
28-Feb-1986,-0.7044,0.1164,0.5227,-0.5705
31-Mar-1986,-0.7148,0.0880,0.9385,0.0975
30-Apr-1986,0.1433,0.1888,0.3213,1.9936
31-May-1986,0.1476,0.1280,0.0657,-0.9637
30-Jun-1986,-0.4037,-0.0937,0.0203,0.6395
31-Jul-1986,0.6512,0.3202,0.3309,0.5892
31-Aug-1986,-0.1857,0.1155,0.3888,0.1420
30-Sep-1986,0.2549,0.3468,0.0946,2.3446
31-Oct-1986,0.4253,0.1869,0.0140,-1.4224
30-Nov-1986,0.3999,0.1866,0.2014,-0.3069
31-Dec-1986,0.9440,0.2002,0.3599,2.0719
31-Jan-1987,-0.3494,0.1680,-0.1821,-3.2079
28-Feb-1987,1.3095,0.2391,0.3085,3.5435
31-Mar-1987,0.1447,0.2425,0.2768,0.0959
30-Apr-1987,0.6311,0.3306,-0.0568,-0.2875
31-May-1987,0.6303,0.2254,0.5272,-0.1670
30-Jun-1987,0.5166,0.1689,0.0657,0.4978
31-Jul-1987,0.6797,0.3400,0.3705,0.8635
31-Aug-1987,0.7478,0.1691,0.6538,-0.4419
30-Sep-1987,0.3932,0.2214,0.1315,1.0961
31-Oct-1987,1.3233,0.4772,0.7237,-0.1153
30-Nov-1987,0.4866,0.2266,0.5874,-0.2775
31-Dec-1987,0.5593,0.2792,1.2426,0.8438
31-Jan-1988,-0.0197,0.0887,-0.4115,-0.2285
29-Feb-1988,0.4999,0.4433,0.5160,1.1239
31-Mar-1988,0.2465,0.2635,0.1161,1.5890
30-Apr-1988,0.5784,0.2323,0.4513,-0.5377
31-May-1988,-0.2018,0.2194,0.1242,0.3134
30-Jun-1988,0.2897,0.3462,0.4080,0.9756
31-Jul-1988,0.0147,0.2124,0.5135,-0.4064
31-Aug-1988,0.5002,0.1174,0.2644,0.0578
30-Sep-1988,-0.3130,0.3203,0.2364,0.3948
31-Oct-1988,0.4302,0.2478,0.6157,0.7733
30-Nov-1988,0.2416,0.3203,-0.0157,0.3853
31-Dec-1988,0.4519,0.2632,0.5423,1.2951
31-Jan-1989,0.2945,0.2457,0.6625,0.1142
28-Feb-1989,-0.4435,0.2479,0.2866,-1.0989
31-Mar-1989,0.2498,0.1804,0.4010,-0.5970
30-Apr-1989,-0.0150,0.1578,-0.3094,0.9079
31-May-1989,-0.5701,0.1131,-0.4631,-0.4468
30-Jun-1989,-0.0076,0.1056,0.2445,-0.3089
31-Jul-1989,-0.9694,0.0389,0.3467,-1.0310
31-Aug-1989,0.9751,0.0472,0.1630,2.5068
30-Sep-1989,-0.3139,0.2300,0.2427,-0.7031
31-Oct-1989,-0.1349,0.0987,0.4934,-0.9701
30-Nov-1989,0.3373,0.2541,0.0321,0.8904
31-Dec-1989,0.5469,0.0772,0.1504,0.3300
31-Jan-1990,-0.5071,0.3302,-0.0139,-0.7842
28-Feb-1990,0.9041,0.2195,0.3557,1.4748
31-Mar-1990,0.4969,0.1862,0.0873,0.5810
30-Apr-1990,-0.2623,0.0310,0.6340,-1.1591
31-May-1990,0.3037,0.1403,-0.1350,0.8093
30-Jun-1990,0.3386,0.0200,0.1213,0.2582
31-Jul-1990,-0.1749,-0.0319,0.3876,-0.5372
31-Aug-1990,0.3487,-0.1896,-0.6592,1.0009
30-Sep-1990,0.0076,-0.0776,-0.1479,-1.8558
31-Oct-1990,-0.5860,-0.1325,-0.9979,-0.4298
30-Nov-1990,-1.2797,-0.1418,-0.0363,-1.1892
31-Dec-1990,-0.7367,-0.0495,0.4169,-1.0463
31-Jan-1991,-0.3261,-0.1008,-0.9732,-0.6612
28-Feb-1991,-0.7416,-0.2966,-0.0155,0.5901
31-Mar-1991,-0.5771,-0.1537,0.0548,-0.5798
30-Apr-1991,0.2635,-0.2010,0.2371,1.9513
31-May-1991,0.9370,-0.0896,-0.0294,0.8169
30-Jun-1991,0.8070,0.0711,0.5549,-0.4489
31-Jul-1991,0.2797,-0.0369,-0.2498,1.2968
31-Aug-1991,-0.0011,0.0092,0.1354,-0.4222
30-Sep-1991,0.7902,0.0323,0.2620,0.4268
31-Oct-1991,-0.0547,0.0240,-0.2146,0.1009
30-Nov-1991,-0.1584,-0.0563,0.2313,-0.3243
31-Dec-1991,-0.4874,0.0277,0.6450,-1.2812
31-Jan-1992,-0.5251,0.0323,0.2582,1.9185
29-Feb-1992,0.7035,-0.0489,0.5309,0.2512
31-Mar-1992,0.8490,0.0508,0.0590,0.4017
30-Apr-1992,0.7561,0.1374,0.2574,0.6642
31-May-1992,0.3286,0.1197,0.5346,-0.8738
30-Jun-1992,0.0512,0.0552,0.4316,1.0487
31-Jul-1992,0.9165,0.0800,-0.1450,1.3303
31-Aug-1992,-0.5608,0.1130,0.3723,-1.6036
30-Sep-1992,0.3293,0.0321,-0.5025,1.3808
31-Oct-1992,0.6729,0.1724,-0.5843,0.4039
30-Nov-1992,0.3785,0.1319,0.4443,0.1703
31-Dec-1992,0.1687,0.2002,4.0169,1.5446
31-Jan-1993,0.3833,0.2627,-3.5137,0.2502
28-Feb-1993,0.4804,0.2338,0.5640,-0.1283
31-Mar-1993,-0.0874,-0.0391,-0.3855,-0.6342
30-Apr-1993,0.2739,0.2687,0.9303,0.5154
31-May-1993,-0.3792,0.2454,0.0428,0.1583
30-Jun-1993,0.2253,0.1545,-0.2652,0.9202
31-Jul-1993,0.2693,0.2813,0.2759,-0.4850
31-Aug-1993,-0.1206,0.1314,0.1710,0.5111
30-Sep-1993,0.5291,0.2228,-0.2781,0.8866
31-Oct-1993,0.7304,0.2563,-0.3971,0.4262
30-Nov-1993,0.4559,0.2262,0.2980,0.5117
31-Dec-1993,0.5905,0.3014,3.8232,0.3157
31-Jan-1994,0.2874,0.2454,-2.4483,0.1138
28-Feb-1994,0.0583,0.1606,0.1202,0.9105
31-Mar-1994,1.0150,0.4097,0.3111,1.6513
30-Apr-1994,0.5896,0.3033,1.0266,-0.5281
31-May-1994,0.4590,0.2927,0.2862,0.2417
30-Jun-1994,0.6728,0.2779,-0.1339,0.9138
31-Jul-1994,0.1330,0.3225,0.2481,-0.4393
31-Aug-1994,0.6682,0.2562,0.1219,2.3339
30-Sep-1994,0.3141,0.2989,0.4732,-0.4339
31-Oct-1994,0.8013,0.1829,0.8004,0.7603
30-Nov-1994,0.6813,0.3545,-0.0538,0.8772
31-Dec-1994,1.0166,0.2646,0.4114,0.7482
31-Jan-1995,0.1701,0.2845,0.2776,0.4409
28-Feb-1995,-0.1129,0.1621,0.2083,-0.5643
31-Mar-1995,0.1660,0.1832,0.2294,-0.0353
30-Apr-1995,-0.1728,0.1351,0.1657,-0.7511
31-May-1995,0.4899,-0.0171,-0.0013,0.7336
30-Jun-1995,0.3309,0.2091,0.4514,0.9593
31-Jul-1995,-0.4190,0.0776,0.3253,-1.1893
31-Aug-1995,1.3169,0.2247,0.1879,2.0055
30-Sep-1995,0.4025,0.1928,0.4645,-0.1223
31-Oct-1995,-0.1759,0.1297,0.3035,0.0522
30-Nov-1995,0.2632,0.1177,0.4251,0.8153
31-Dec-1995,0.3465,0.1353,0.1100,0.4728
31-Jan-1996,-0.5740,-0.0068,0.1013,-1.0032
29-Feb-1996,1.4529,0.3552,0.8603,0.8995
31-Mar-1996,-0.1225,0.2137,0.2908,0.0498
30-Apr-1996,0.9901,0.1394,0.1755,0.8908
31-May-1996,0.7446,0.2841,0.5042,0.7580
30-Jun-1996,0.7593,0.2282,0.7353,-0.4725
31-Jul-1996,0.0154,0.2077,-0.1180,0.7866
31-Aug-1996,0.5105,0.1490,0.4206,0.3427
30-Sep-1996,0.6240,0.1679,0.3807,0.3053
31-Oct-1996,0.0296,0.2199,0.0729,0.7798
30-Nov-1996,0.9145,0.2334,0.3575,0.7370
31-Dec-1996,0.6387,0.1619,0.4285,-0.7228
31-Jan-1997,0.1584,0.1757,0.4137,1.2814
28-Feb-1997,1.1868,0.2609,0.4590,2.0214
31-Mar-1997,0.6326,0.2610,0.4651,0.0456
30-Apr-1997,0.1172,0.2440,0.1507,0.3335
31-May-1997,0.5524,0.2214,0.5389,-0.0246
30-Jun-1997,0.4585,0.2087,0.3904,1.3372
31-Jul-1997,0.8506,0.2423,0.5040,1.0077
31-Aug-1997,0.9955,-0.0219,0.6456,-0.2838
30-Sep-1997,0.9118,0.3957,0.3378,0.8052
31-Oct-1997,0.8828,0.2820,0.6076,-0.2900
30-Nov-1997,0.7844,0.2426,0.7951,1.0581
31-Dec-1997,0.4249,0.2605,0.6215,-0.2521
31-Jan-1998,0.4374,0.2061,0.9699,0.1940
28-Feb-1998,0.1617,0.1689,0.7446,1.3942
31-Mar-1998,0.0352,0.1183,0.6475,0.4940
30-Apr-1998,0.3425,0.2235,0.4439,0.1355
31-May-1998,0.6570,0.3184,0.5445,0.3410
30-Jun-1998,-0.6017,0.1834,0.6113,-0.4008
31-Jul-1998,-0.3853,0.1078,0.2593,-0.5860
31-Aug-1998,2.0492,0.2643,0.4282,1.0850
30-Sep-1998,-0.0532,0.1563,0.3266,0.9483
31-Oct-1998,0.6813,0.1616,0.2016,0.8445
30-Nov-1998,-0.0758,0.2148,0.4695,0.4284
31-Dec-1998,0.4520,0.2928,0.2076,0.7671
31-Jan-1999,0.4311,0.0815,0.3007,-0.1340
28-Feb-1999,0.6063,0.3268,0.4535,1.5342
31-Mar-1999,0.2266,0.0913,0.0522,-0.1472
30-Apr-1999,0.2296,0.2811,-0.1892,-0.1667
31-May-1999,0.6303,0.1694,0.2205,1.4561
30-Jun-1999,-0.0785,0.2102,0.3616,0.1020
31-Jul-1999,0.5770,0.2615,0.2784,0.1299
31-Aug-1999,0.4007,0.1158,0.4399,0.7863
30-Sep-1999,-0.4045,0.1535,-0.0527,-0.1814
31-Oct-1999,1.2149,0.3131,0.6479,0.8748
30-Nov-1999,0.4836,0.2210,0.7916,0.5155
31-Dec-1999,0.7684,0.2427,0.8833,0.4323
31-Jan-2000,-0.1369,0.1742,0.9676,0.7931
29-Feb-2000,0.3118,0.0832,0.4549,-1.8158
31-Mar-2000,0.3549,0.3684,0.3250,1.1754
30-Apr-2000,0.5935,0.2125,0.4850,0.8276
31-May-2000,0.2704,0.1674,0.0799,-0.5321
30-Jun-2000,0.0390,-0.0318,0.4783,0.6589
31-Jul-2000,-0.1953,0.1249,0.5874,-0.6322
31-Aug-2000,-0.2727,0.0045,0.5257,0.0347
30-Sep-2000,0.4604,0.0779,0.0980,1.0731
31-Oct-2000,-0.3893,0.0113,0.2838,-0.7660
30-Nov-2000,0.0280,0.1540,0.1237,-0.7308
31-Dec-2000,-0.3268,0.1206,0.0415,0.7810
31-Jan-2001,-0.4771,-0.0098,0.4384,-0.8055
28-Feb-2001,-0.6535,0.0640,0.2046,0.4403
31-Mar-2001,-0.2052,-0.0279,0.2970,-1.2059
30-Apr-2001,-0.3596,-0.2210,-0.4045,-0.7918
31-May-2001,-0.4787,-0.0378,-0.3242,0.8608
30-Jun-2001,-0.5294,-0.0816,-0.1379,-1.3723
31-Jul-2001,-0.6425,-0.0968,-0.0154,0.3807
31-Aug-2001,-0.1148,-0.1143,-0.0724,0.8228
30-Sep-2001,-0.5078,-0.1956,-0.1314,-2.1248
31-Oct-2001,-0.2745,-0.2363,-0.5684,2.9278
30-Nov-2001,-0.6065,-0.2346,-0.0681,-0.4874
31-Dec-2001,-0.0428,-0.1228,0.0350,0.1965
31-Jan-2002,0.6633,-0.0947,0.0457,-0.0969
28-Feb-2002,0.0115,-0.0933,0.0233,0.3631
31-Mar-2002,0.7212,-0.0115,-0.0068,-0.4945
30-Apr-2002,0.4871,-0.0811,-0.0399,1.1435
31-May-2002,0.4010,0.0122,0.2710,0.2073
30-Jun-2002,0.8215,0.0321,0.3090,0.3252
31-Jul-2002,-0.0322,-0.0689,-0.3575,-0.2791
31-Aug-2002,-0.1111,-0.0023,-0.0243,0.9556
30-Sep-2002,0.0849,-0.0605,0.0165,-0.8607
31-Oct-2002,-0.2085,0.0881,0.1939,-0.4621
30-Nov-2002,0.5587,-0.0008,0.2206,1.0657
31-Dec-2002,-0.5577,-0.1157,0.1478,-0.7793
31-Jan-2003,0.8485,0.0827,-0.3471,0.5862
28-Feb-2003,0.1187,-0.1011,-0.3794,-1.1114
31-Mar-2003,-0.2632,-0.1581,0.1302,0.9075
30-Apr-2003,-0.5975,-0.0476,0.4109,-0.2899
31-May-2003,-0.0273,0.0184,0.7351,0.8732
30-Jun-2003,0.1277,-0.0084,0.3134,0.9319
31-Jul-2003,0.5125,-0.0015,0.0679,0.7573
31-Aug-2003,-0.2184,-0.0238,0.1529,-0.0411
30-Sep-2003,0.6427,0.0760,0.1736,0.4059
31-Oct-2003,0.1231,0.1435,0.5361,0.2361
30-Nov-2003,0.6683,0.0314,0.6935,0.3859
31-Dec-2003,0.0296,0.0835,-0.0876,-0.2832
31-Jan-2004,0.1521,0.1278,-0.3190,-0.4999
29-Feb-2004,0.6014,0.0497,0.0199,0.7724
31-Mar-2004,-0.4009,0.2435,0.3689,2.3207
30-Apr-2004,0.3707,0.2072,0.3384,-1.0711
31-May-2004,0.7198,0.2166,0.6138,0.2781
30-Jun-2004,-0.7833,0.0736,0.1286,-0.0930
31-Jul-2004,0.7444,0.0455,0.5036,0.1476
31-Aug-2004,0.0671,0.0644,0.2592,0.8646
30-Sep-2004,0.1270,0.1136,0.1626,0.4092
31-Oct-2004,0.8495,0.2571,0.0747,0.2114
30-Nov-2004,0.2480,0.0559,-0.3094,0.1828
31-Dec-2004,0.7936,0.0958,3.7025,1.5468
31-Jan-2005,0.3590,0.1138,-3.3976,0.3610
28-Feb-2005,0.7233,0.1904,-0.0489,0.0320
31-Mar-2005,-0.1352,0.0902,0.3785,-0.6844
30-Apr-2005,0.2150,0.2745,0.2919,1.4994
31-May-2005,0.0900,0.1265,0.4965,-0.1913
30-Jun-2005,0.4488,0.1935,0.2969,0.9426
31-Jul-2005,-0.3171,0.2624,0.2996,-0.0658
31-Aug-2005,0.3254,0.1503,-0.0063,0.2458
30-Sep-2005,-1.9564,0.0372,-0.2751,-0.4836
31-Oct-2005,1.2064,0.0661,0.7509,-0.0118
30-Nov-2005,1.1178,0.2641,0.6934,1.3643
31-Dec-2005,0.5152,0.1199,0.4310,0.5737
31-Jan-2006,0.1577,0.1981,0.9167,0.5241
28-Feb-2006,0.0422,0.2257,0.7031,0.2367
31-Mar-2006,0.2252,0.2245,0.4546,0.1685
30-Apr-2006,0.3032,0.1264,0.1074,-0.9494
31-May-2006,0.0254,0.0286,-0.1468,0.8185
30-Jun-2006,0.3161,0.0646,0.0891,-0.2756
31-Jul-2006,-0.0513,0.1407,-0.1460,-0.4350
31-Aug-2006,0.4379,0.1193,-0.1409,0.5592
30-Sep-2006,-0.1663,0.0980,0.6297,-0.0181
31-Oct-2006,-0.1147,0.0124,0.6595,0.0725
30-Nov-2006,-0.0420,0.1585,0.5374,0.0580
31-Dec-2006,1.0142,0.1378,0.5028,1.5869
31-Jan-2007,-0.3389,0.1623,-0.1439,-0.6118
28-Feb-2007,0.9378,0.0640,0.4020,0.5982
31-Mar-2007,0.1779,0.1627,0.4412,0.1253
30-Apr-2007,0.6700,0.0457,0.3055,-0.1726
31-May-2007,0.0956,0.1051,0.0847,0.6670
30-Jun-2007,0.0577,0.0565,-0.0313,-0.1138
31-Jul-2007,-0.1200,-0.0188,0.0356,-0.5976
31-Aug-2007,0.1924,-0.0225,-0.1135,1.2474
30-Sep-2007,0.2220,0.0623,0.0822,0.0484
31-Oct-2007,-0.2824,0.0550,-0.1415,0.5299
30-Nov-2007,0.5321,0.0832,-0.0568,-0.2431
31-Dec-2007,0.0349,0.0759,0.3422,-0.8179
31-Jan-2008,-0.1324,-0.0029,0.0414,0.5015
29-Feb-2008,-0.3930,-0.0448,0.0929,-0.9603
31-Mar-2008,-0.3050,-0.0506,0.0296,-1.3342
30-Apr-2008,-0.6473,-0.1585,-0.5902,1.0139
31-May-2008,-0.6076,-0.1370,-0.3948,-0.6937
30-Jun-2008,-0.2335,-0.1096,-0.5086,-0.1338
31-Jul-2008,-0.3580,-0.1475,-0.3881,-1.7395
31-Aug-2008,-1.5824,-0.2082,0.4823,-0.7371
30-Sep-2008,-4.5048,-0.3292,-0.0154,-2.4904
31-Oct-2008,0.9892,-0.3435,0.6104,-0.9362
30-Nov-2008,-1.3289,-0.5518,0.5314,-2.7664
31-Dec-2008,-2.8604,-0.5133,-1.1229,-0.5447
31-Jan-2009,-2.5259,-0.5712,-1.7680,-2.1429
28-Feb-2009,-0.6104,-0.5692,-1.5756,0.6187
31-Mar-2009,-1.5780,-0.6200,-0.6314,-2.0850
30-Apr-2009,-0.8325,-0.5085,-0.0856,-0.7818
31-May-2009,-1.0151,-0.2704,-0.0758,0.0431
30-Jun-2009,-0.3776,-0.3490,-0.7748,-0.1582
31-Jul-2009,1.1227,-0.2645,-0.4813,1.4663
31-Aug-2009,1.0907,-0.1455,-0.2434,0.0573
30-Sep-2009,0.8776,-0.1734,-0.0680,0.1183
31-Oct-2009,0.2692,-0.1421,-0.0127,0.4911
30-Nov-2009,0.4329,-0.0031,0.2915,0.7479
31-Dec-2009,0.4050,-0.1916,0.2437,0.3356
31-Jan-2010,1.0841,-0.0046,-0.2302,-0.2864
28-Feb-2010,0.3746,-0.0740,-0.0841,0.6583
31-Mar-2010,0.6833,0.1233,0.3927,1.2600
30-Apr-2010,0.3387,0.1954,1.0709,0.8905
31-May-2010,1.3419,0.4004,0.9563,-0.3136
30-Jun-2010,0.1848,-0.1011,0.1121,0.9590
31-Jul-2010,0.3790,-0.0728,0.2528,0.8438
31-Aug-2010,0.3658,0.0000,0.1723,0.0508
30-Sep-2010,0.2943,-0.0568,0.1044,-0.0155
31-Oct-2010,-0.2838,0.2138,0.1692,0.5149
30-Nov-2010,0.0869,0.0987,0.1855,0.2850
31-Dec-2010,0.9738,0.0619,0.7298,0.1777
31-Jan-2011,-0.2108,0.0054,1.5883,1.2182
28-Feb-2011,-0.3979,0.1680,0.4550,-1.4426
31-Mar-2011,1.0349,0.1723,-0.2366,1.1390
30-Apr-2011,-0.3235,0.2389,-0.1245,-0.3655
31-May-2011,0.1205,0.0805,-0.0299,-0.7880
30-Jun-2011,0.3020,0.1730,0.5940,1.0054
31-Jul-2011,0.4915,0.0462,0.5972,0.4527
31-Aug-2011,0.6728,0.1007,-0.0135,0.7394
30-Sep-2011,-0.0827,0.1656,-0.1232,-0.6518
31-Oct-2011,0.6916,0.1578,0.0186,1.2545
30-Nov-2011,-0.0087,0.1033,-0.1048,-0.3625
31-Dec-2011,0.5292,0.1491,1.0084,0.8726
31-Jan-2012,0.5947,0.2690,0.6855,0.5896
29-Feb-2012,0.3211,0.1972,0.6338,0.3595
31-Mar-2012,-0.5191,0.1789,0.2820,-0.0926
30-Apr-2012,0.7168,0.0576,0.3986,0.3256
31-May-2012,0.2307,0.0799,-0.0673,0.3028
30-Jun-2012,0.0055,0.0605,-0.1191,-0.2791
31-Jul-2012,0.2097,0.1074,-0.7250,0.1901
31-Aug-2012,-0.4288,0.1356,-0.1557,-0.0891
30-Sep-2012,-0.0734,0.1324,0.8215,0.1505
31-Oct-2012,0.3468,0.1129,0.8784,-0.3872
30-Nov-2012,0.3661,0.1158,1.5296,1.8260
31-Dec-2012,0.2367,0.1845,2.8114,0.3697
31-Jan-2013,0.0245,0.1354,-6.1197,0.3099
28-Feb-2013,0.4666,0.2134,-0.2010,0.4084
31-Mar-2013,0.4020,0.1054,0.3129,-0.5398
30-Apr-2013,-0.0863,0.1355,0.5628,-0.1417
31-May-2013,0.0781,0.1640,0.4309,1.1252
30-Jun-2013,0.2073,0.1344,-0.0295,-0.3109
31-Jul-2013,-0.3107,0.0822,-0.2276,0.0183
31-Aug-2013,0.5765,0.1868,0.1792,0.4141
30-Sep-2013,0.5072,0.1280,0.4785,0.3469
31-Oct-2013,-0.0789,0.1607,-0.3783,0.5421
30-Nov-2013,0.2333,0.2012,0.3194,1.2086
31-Dec-2013,0.2009,0.0400,0.2320,-0.3810
31-Jan-2014,-0.3564,0.1375,0.5654,-1.0197
28-Feb-2014,0.7529,0.1097,0.5897,0.8443
31-Mar-2014,0.9639,0.1980,0.5165,0.8073
30-Apr-2014,0.0967,0.2266,0.2492,0.1123
31-May-2014,0.3824,0.1553,0.1863,0.2746
30-Jun-2014,0.3426,0.2423,0.3565,-0.0135
31-Jul-2014,0.2219,0.1605,0.2496,0.6108
31-Aug-2014,-0.1890,0.1416,0.5038,0.1892
30-Sep-2014,0.2869,0.2109,0.3486,-0.0211
31-Oct-2014,0.0119,0.1682,0.5386,0.1481
30-Nov-2014,0.6153,0.2079,0.6144,0.2469
31-Dec-2014,-0.0079,0.1961,0.6555,0.5713
31-Jan-2015,-0.7879,0.1452,0.8132,0.1978
28-Feb-2015,-0.6406,0.1841,0.3690,-0.4022
31-Mar-2015,-0.3352,0.0681,-0.3329,0.5536
30-Apr-2015,-0.5471,0.1935,0.2840,0.7755
31-May-2015,-0.4423,0.2419,0.2138,-1.0338
30-Jun-2015,-0.3150,0.1207,0.0587,0.1722
31-Jul-2015,0.6460,0.1988,0.1714,0.2743
31-Aug-2015,-0.1840,0.0943,0.2038,0.1249
30-Sep-2015,-0.2795,0.1055,0.2678,0.9743
31-Oct-2015,-0.4847,0.2134,0.2648,-0.2114
30-Nov-2015,-0.7385,0.1605,-0.0612,-0.1989
31-Dec-2015,-0.4916,0.1882,0.3810,-0.1441
31-Jan-2016,0.5227,0.0929,0.1257,0.0684
29-Feb-2016,-0.5198,0.1368,-0.0512,0.7966
31-Mar-2016,-0.7448,0.1784,-0.0128,0.0401
30-Apr-2016,0.3376,0.1336,-0.1763,-0.0920
31-May-2016,-0.2270,0.0320,-0.0747,-0.5629
30-Jun-2016,0.4713,0.1715,0.1485,0.5976
31-Jul-2016,0.1171,0.2584,0.4645,-0.0799
31-Aug-2016,-0.1508,0.0975,0.0772,0.7602
30-Sep-2016,-0.1056,0.2113,0.3023,0.1418
31-Oct-2016,0.0156,0.0676,0.1269,0.1230
30-Nov-2016,-0.4180,0.0813,0.3612,0.0387
31-Dec-2016,0.6813,0.1549,0.3599,1.2118
31-Jan-2017,-0.2632,0.1512,0.3106,0.2778
28-Feb-2017,-0.4023,0.1496,0.3531,-0.1596
31-Mar-2017,0.6577,0.0850,0.3937,-0.2098
30-Apr-2017,1.0136,0.1403,0.2913,-0.3526
31-May-2017,0.1183,0.1401,0.7144,0.4033
30-Jun-2017,0.2058,0.1386,0.0740,0.3310
31-Jul-2017,-0.2398,0.1289,0.3388,0.4020
31-Aug-2017,-0.4147,0.1001,0.1639,0.5557
30-Sep-2017,0.1032,0.0606,0.3134,0.4839
31-Oct-2017,1.2243,0.0959,0.4256,0.5664
30-Nov-2017,0.2390,0.1514,0.4644,0.7445
31-Dec-2017,0.1953,0.1024,0.2428,0.6585
31-Jan-2018,-0.0019,0.0928,-0.1388,-1.3224
28-Feb-2018,0.2422,0.2665,0.1836,0.4990
31-Mar-2018,0.4886,0.1525,0.2442,-0.2214
30-Apr-2018,1.0959,0.0944,0.1332,0.0107
31-May-2018,-0.9046,0.2167,0.2956,0.7413
30-Jun-2018,0.7739,0.1465,0.4396,-0.4682
31-Jul-2018,0.1613,0.0403,0.5083,0.2229
31-Aug-2018,0.6443,0.1723,0.4062,0.4863
30-Sep-2018,0.0651,0.0542,-0.0188,-0.0342
31-Oct-2018,-0.1103,0.1131,0.1128,-0.3218
30-Nov-2018,0.0793,0.0602,0.2842,0.3299
31-Dec-2018,0.0245,0.1282,1.2975,-0.2221
31-Jan-2019,-0.6665,0.1674,-0.0062,0.2092
28-Feb-2019,-0.5479,0.0047,0.2415,-0.1910
31-Mar-2019,0.0375,0.1518,0.1639,-0.2223
30-Apr-2019,-0.5866,0.1968,-0.0983,-0.7628
31-May-2019,0.1153,0.0179,-0.0096,0.6179
30-Jun-2019,0.0444,0.1460,0.1249,0.1186
31-Jul-2019,-0.4861,0.0656,-0.0573,0.0637
31-Aug-2019,0.6826,0.1536,0.5085,0.2621
30-Sep-2019,-0.3389,0.1296,0.1974,-0.3198
31-Oct-2019,-0.8478,0.0627,0.2092,-1.1296
30-Nov-2019,0.5007,0.1366,0.4642,0.5162
31-Dec-2019,-0.2327,0.0837,-0.3966,-0.4214
31-Jan-2020,-0.6575,0.1560,1.0040,-0.3080
29-Feb-2020,0.3357,0.1722,0.5259,0.3323
31-Mar-2020,-3.9905,-0.9222,-2.2570,-4.4465
30-Apr-2020,-14.1422,-14.5778,-6.3437,-12.2344
31-May-2020,1.6403,1.9844,2.3839,8.0422
30-Jun-2020,6.3472,3.4217,2.2827,7.3274
31-Jul-2020,3.6787,1.1440,0.8108,2.7744
31-Aug-2020,0.9732,1.1183,1.1307,0.1290
30-Sep-2020,0.0125,0.6716,1.1960,0.4520
31-Oct-2020,0.8017,0.4855,1.4811,0.8518
30-Nov-2020,0.3531,0.1914,-0.1283,-0.0172
31-Dec-2020,1.3113,-0.1297,-0.1225,0.7442
31-Jan-2021,0.5265,0.2207,-0.0199,2.0691
28-Feb-2021,-3.3601,0.3612,0.0795,-3.0657
31-Mar-2021,2.8566,0.5925,0.9367,3.7484
30-Apr-2021,0.1758,0.2458,0.8916,0.0628
31-May-2021,0.8835,0.3301,0.5150,-1.8953
30-Jun-2021,0.3668,0.5191,0.3333,0.3187
31-Jul-2021,0.4531,0.6439,0.3958,0.3168
31-Aug-2021,-0.2079,0.3754,-0.0019,-0.9060
30-Sep-2021,-1.1924,0.3097,0.2457,0.3657
31-Oct-2021,1.3346,0.5406,0.3562,0.5904
30-Nov-2021,0.6757,0.4419,-0.0415,0.3219
31-Dec-2021,-0.2907,0.3919,-0.2968,-0.1823
31-Jan-2022,-0.3855,0.1267,-0.7342,1.1664
28-Feb-2022,0.6177,0.5445,-0.0839,-0.8228
31-Mar-2022,0.5780,0.3244,-0.4077,-0.1653
30-Apr-2022,0.0486,0.2033,-0.0201,-0.0763
31-May-2022,-0.1050,0.1983,-0.1038,-1.3201
30-Jun-2022,-0.3118,0.2853,-0.3851,-0.2285
31-Jul-2022,0.2027,0.4675,1.1252,0.4000
31-Aug-2022,-0.1252,0.1893,0.4469,1.0666
30-Sep-2022,0.1932,0.1433,0.3369,-0.2095
31-Oct-2022,-0.0384,0.2322,-0.1517,0.1229
30-Nov-2022,-0.2944,0.1966,0.0269,-1.0371
31-Dec-2022,-1.1845,0.0648,0.2820,0.9354
31-Jan-2023,0.7376,0.2808,0.6326,1.2198
28-Feb-2023,0.1358,0.1872,0.2819,-0.7933
31-Mar-2023,0.3758,0.0438,0.4809,-0.8340
30-Apr-2023,0.2299,0.1552,0.2704,-0.1727
31-May-2023,-0.3209,0.1800,0.3122,1.0315
30-Jun-2023,-0.8048,0.1444,0.1945,0.0407
31-Jul-2023,0.7831,0.1045,0.4046,0.6553
31-Aug-2023,-0.0668,0.1396,0.2219,-0.0098
30-Sep-2023,0.1801,0.0998,0.1210,0.6257
31-Oct-2023,-0.5481,0.1016,0.3726,-0.0496
30-Nov-2023,0.3924,0.0811,0.5754,0.4723
31-Dec-2023,-0.2589,0.0982,0.2901,0.7147
31-Jan-2024,-1.3820,0.1115,-0.0098,-1.0439
29-Feb-2024,1.0653,0.1311,0.0557,0.1034
31-Mar-2024,0.1719,0.1449,0.0875,-0.2126
30-Apr-2024,-0.2134,0.0406,0.1033,-0.0552
31-May-2024,0.6162,0.0495,0.5040,0.8443
30-Jun-2024,0.0307,0.0552,0.0450,0.2344
31-Jul-2024,-0.9143,0.0336,0.1045,0.8231
31-Aug-2024,0.4543,0.0057,0.1268,-0.0472
30-Sep-2024,-0.6218,0.0982,0.0382,0.7918
31-Oct-2024,-0.3401,0.0209,0.1859,-0.2702
30-Nov-2024,-0.1781,0.0848,0.3538,0.5861
31-Dec-2024,1.0368,0.1498,0.0994,0.7907
31-Jan-2025,-0.2621,-0.0303,0.1733,-1.0187
28-Feb-2025,1.0286,0.0265,-0.2094,0.7080
31-Mar-2025,-0.0583,0.0423,0.5694,1.3488
30-Apr-2025,0.0866,0.0682,0.0275,-0.5110
31-May-2025,-0.1607,0.0082,-0.3834,-0.3310
30-Jun-2025,0.5068,-0.0126,-0.3167,0.4070
31-Jul-2025,0.4086,0.0404,0.5676,0.5833
31-Aug-2025,-0.2646,-0.0442,0.1306,-0.2092
30-Sep-2025,0.0426,0.0479,0.1257,-0.7098
31-Oct-2025,-0.4421,-0.0883,-0.0718,0.1885
30-Nov-2025,-0.1369,0.0259,0.1806,0.0025
31-Dec-2025,0.5233,-0.0107,-0.1363,0.9336
31-Jan-2026,-0.0156,0.1009,0.1351,0.3847
