Date,Industrial Production (Index),Nonfarm Payrolls (thousands),Real Disp. Personal Income (B$),Real Mfg & Trade Sales (M$)
31-Jan-2026,101.5954,158592.0,16738.7,1575224.0
31-Dec-2025,101.6113,158432.0,16716.1,1569176.0
30-Nov-2025,101.081,158449.0,16738.9,1554595.0
31-Oct-2025,101.2195,158408.0,16708.7,1554556.0
30-Sep-2025,101.668,158548.0,16720.7,1551628.0
31-Aug-2025,101.6247,158472.0,16699.7,1562681.0
31-Jul-2025,101.894,158542.0,16677.9,1565953.0
30-Jun-2025,101.4785,158478.0,16583.5,1556845.0
31-May-2025,100.9655,158498.0,16636.1,1550522.0
30-Apr-2025,101.1279,158485.0,16700.0,1555663.0
31-Mar-2025,101.0404,158377.0,16695.4,1563633.0
28-Feb-2025,101.0993,158310.0,16600.6,1542684.0
31-Jan-2025,100.0647,158268.0,16635.4,1531801.0
31-Dec-2024,100.3273,158316.0,16606.6,1547485.0
30-Nov-2024,99.2925,158079.0,16590.1,1535297.0
31-Oct-2024,99.4695,157945.0,16531.5,1526325.0
30-Sep-2024,99.8084,157912.0,16500.8,1530455.0
31-Aug-2024,100.4309,157757.0,16494.5,1518385.0
31-Jul-2024,99.9757,157748.0,16473.6,1519102.0
30-Jun-2024,100.894,157695.0,16456.4,1506650.0
31-May-2024,100.863,157608.0,16449.0,1503122.0
30-Apr-2024,100.2434,157530.0,16366.3,1490484.0
31-Mar-2024,100.4575,157466.0,16349.4,1491307.0
29-Feb-2024,100.285,157238.0,16335.1,1494481.0
31-Jan-2024,99.2223,157032.0,16326.0,1492936.0
31-Dec-2023,100.6031,156857.0,16327.6,1508602.0
30-Nov-2023,100.8639,156703.0,16280.3,1497859.0
31-Oct-2023,100.4689,156576.0,16186.9,1490802.0
30-Sep-2023,101.0211,156417.0,16126.7,1491541.0
31-Aug-2023,100.8393,156261.0,16107.2,1482238.0
31-Jul-2023,100.9067,156043.0,16071.5,1482383.0
30-Jun-2023,100.1196,155880.0,16006.6,1472700.0
31-May-2023,100.9286,155655.0,15975.5,1472101.0
30-Apr-2023,101.253,155375.0,15925.7,1456995.0
31-Mar-2023,101.0205,155134.0,15882.7,1459513.0
28-Feb-2023,100.6416,155066.0,15806.5,1471736.0
31-Jan-2023,100.505,154776.0,15762.0,1483458.0
31-Dec-2022,99.7664,154342.0,15662.6,1465472.0
30-Nov-2022,100.9552,154242.0,15618.5,1451828.0
31-Oct-2022,101.2529,153939.0,15614.3,1466963.0
30-Sep-2022,101.2918,153582.0,15638.0,1465161.0
31-Aug-2022,101.0963,153362.0,15585.4,1468234.0
31-Jul-2022,101.223,153072.0,15515.9,1452657.0
30-Jun-2022,101.018,152358.0,15342.3,1446858.0
31-May-2022,101.3335,151924.0,15401.5,1450168.0
30-Apr-2022,101.44,151623.0,15417.5,1469438.0
31-Mar-2022,101.3907,151315.0,15420.6,1470559.0
28-Feb-2022,100.8064,150825.0,15483.6,1472992.0
31-Jan-2022,100.1856,150006.0,15496.6,1485162.0
31-Dec-2021,100.5726,149816.0,15610.8,1467940.0
30-Nov-2021,100.8654,149230.0,15657.2,1470618.0
31-Oct-2021,100.1861,148572.0,15663.7,1465891.0
30-Sep-2021,98.8579,147771.0,15608.0,1457262.0
31-Aug-2021,100.0437,147314.0,15569.7,1451943.0
31-Jul-2021,100.2519,146762.0,15570.0,1465158.0
30-Jun-2021,99.7987,145820.0,15508.5,1460523.0
31-May-2021,99.4333,145065.0,15456.9,1455876.0
30-Apr-2021,98.5587,144587.0,15377.5,1483733.0
31-Mar-2021,98.3856,144232.0,15241.0,1482801.0
28-Feb-2021,95.6149,143380.0,15098.9,1428248.0
31-Jan-2021,98.8822,142863.0,15086.9,1472712.0
31-Dec-2020,98.363,142548.0,15089.9,1442553.0
30-Nov-2020,97.0816,142733.0,15108.4,1431857.0
31-Oct-2020,96.7394,142460.0,15127.8,1432103.0
30-Sep-2020,95.9669,141770.0,14905.4,1419956.0
31-Aug-2020,95.9549,140821.0,14728.2,1413552.0
31-Jul-2020,95.0256,139255.0,14562.6,1411729.0
30-Jun-2020,91.5934,137671.0,14445.0,1373101.0
31-May-2020,85.9604,133040.0,14119.0,1276086.0
30-Apr-2020,84.5619,130426.0,13786.4,1177479.0
31-Mar-2020,97.4078,150895.0,14689.3,1330719.0
29-Feb-2020,101.3735,152293.0,15024.6,1391224.0
31-Jan-2020,101.0338,152031.0,14945.8,1386608.0
31-Dec-2019,101.7003,151794.0,14796.5,1390886.0
30-Nov-2019,101.9372,151667.0,14855.3,1396759.0
31-Oct-2019,101.4281,151460.0,14786.5,1389568.0
30-Sep-2019,102.2917,151365.0,14755.6,1405353.0
31-Aug-2019,102.639,151169.0,14726.5,1409855.0
31-Jul-2019,101.9408,150937.0,14651.8,1406165.0
30-Jun-2019,102.4375,150838.0,14660.2,1405269.0
31-May-2019,102.392,150618.0,14641.9,1403604.0
30-Apr-2019,102.274,150591.0,14643.3,1394958.0
31-Mar-2019,102.8757,150295.0,14657.7,1405640.0
28-Feb-2019,102.8371,150067.0,14633.7,1408768.0
31-Jan-2019,103.4021,150060.0,14598.4,1411462.0
31-Dec-2018,104.0936,149809.0,14599.3,1408513.0
30-Nov-2018,104.0681,149617.0,14411.1,1411645.0
31-Oct-2018,103.9856,149527.0,14370.2,1406996.0
30-Sep-2018,104.1004,149358.0,14354.0,1411531.0
31-Aug-2018,104.0327,149277.0,14356.7,1412014.0
31-Jul-2018,103.3646,149020.0,14298.5,1405164.0
30-Jun-2018,103.198,148960.0,14226.0,1402036.0
31-May-2018,102.4024,148742.0,14163.6,1408616.0
30-Apr-2018,103.3329,148420.0,14121.8,1398213.0
31-Mar-2018,102.2067,148280.0,14103.0,1398064.0
28-Feb-2018,101.7085,148054.0,14068.6,1401163.0
31-Jan-2018,101.4625,147660.0,14042.8,1394188.0
31-Dec-2017,101.4644,147523.0,14062.3,1412747.0
30-Nov-2017,101.2664,147372.0,14028.2,1403474.0
31-Oct-2017,101.0247,147149.0,13963.2,1393064.0
30-Sep-2017,99.7954,147008.0,13903.9,1385196.0
31-Aug-2017,99.6925,146919.0,13860.4,1378509.0
31-Jul-2017,100.1068,146772.0,13837.7,1370870.0
30-Jun-2017,100.3471,146583.0,13790.9,1365370.0
31-May-2017,100.1408,146380.0,13780.7,1360858.0
30-Apr-2017,100.0224,146175.0,13682.6,1355381.0
31-Mar-2017,99.0137,145970.0,13642.8,1360169.0
28-Feb-2017,98.3646,145846.0,13589.2,1363025.0
31-Jan-2017,98.7611,145628.0,13541.3,1365202.0
31-Dec-2016,99.0214,145408.0,13499.3,1361415.0
30-Nov-2016,98.3491,145183.0,13450.8,1345017.0
31-Oct-2016,98.7611,145065.0,13402.3,1344497.0
30-Sep-2016,98.7457,144967.0,13385.3,1342844.0
31-Aug-2016,98.85,144661.0,13344.9,1340941.0
31-Jul-2016,98.9992,144520.0,13334.6,1330786.0
30-Jun-2016,98.8833,144147.0,13272.8,1331850.0
31-May-2016,98.4184,143900.0,13253.1,1323914.0
30-Apr-2016,98.6421,143854.0,13263.0,1331387.0
31-Mar-2016,98.3096,143662.0,13286.4,1332612.0
29-Feb-2016,99.0445,143406.0,13288.1,1332078.0
31-Jan-2016,99.5607,143210.0,13294.9,1321509.0
31-Dec-2015,99.0417,143077.0,13278.2,1320606.0
30-Nov-2015,99.5298,142808.0,13227.7,1322511.0
31-Oct-2015,100.2675,142579.0,13235.8,1325144.0
30-Sep-2015,100.7547,142275.0,13200.8,1327948.0
31-Aug-2015,101.0367,142125.0,13165.5,1315072.0
31-Jul-2015,101.2228,141991.0,13138.7,1313431.0
30-Jun-2015,100.571,141709.0,13116.2,1309833.0
31-May-2015,100.8883,141538.0,13108.5,1307579.0
30-Apr-2015,101.3355,141196.0,13080.5,1321167.0
31-Mar-2015,101.8914,140923.0,13043.4,1310961.0
28-Feb-2015,102.2335,140827.0,13086.9,1303724.0
31-Jan-2015,102.8905,140568.0,13038.7,1308978.0
31-Dec-2014,103.7044,140364.0,12933.1,1306392.0
30-Nov-2014,103.7126,140089.0,12848.6,1298950.0
31-Oct-2014,103.0764,139798.0,12769.9,1295747.0
30-Sep-2014,103.0641,139563.0,12701.3,1293829.0
31-Aug-2014,102.7688,139269.0,12657.1,1294102.0
31-Jul-2014,102.9632,139072.0,12593.5,1291656.0
30-Jun-2014,102.735,138849.0,12562.1,1283791.0
31-May-2014,102.3836,138513.0,12517.4,1283964.0
30-Apr-2014,101.9928,138298.0,12494.1,1280443.0
31-Mar-2014,101.8942,137985.0,12463.0,1279006.0
28-Feb-2014,100.9168,137712.0,12398.8,1268722.0
31-Jan-2014,100.1599,137561.0,12325.9,1258055.0
31-Dec-2013,100.5175,137372.0,12256.4,1270949.0
30-Nov-2013,100.3158,137317.0,12228.0,1275801.0
31-Oct-2013,100.082,137041.0,12189.0,1260475.0
30-Sep-2013,100.161,136821.0,12235.2,1253661.0
31-Aug-2013,99.6543,136646.0,12176.8,1249320.0
31-Jul-2013,99.0814,136391.0,12155.0,1244157.0
30-Jun-2013,99.3897,136279.0,12182.7,1243929.0
31-May-2013,99.1839,136096.0,12186.3,1247803.0
30-Apr-2013,99.1065,135873.0,12133.9,1233842.0
31-Mar-2013,99.1921,135689.0,12065.8,1235591.0
28-Feb-2013,98.7941,135546.0,12028.1,1242279.0
31-Jan-2013,98.3342,135257.0,12052.3,1237216.0
31-Dec-2012,98.3101,135074.0,12812.9,1233388.0
30-Nov-2012,98.0777,134825.0,12457.7,1228837.0
31-Oct-2012,97.7193,134669.0,12268.6,1206602.0
30-Sep-2012,97.381,134517.0,12161.3,1211283.0
31-Aug-2012,97.4525,134339.0,12061.8,1209461.0
31-Jul-2012,97.8713,134157.0,12080.6,1210539.0
30-Jun-2012,97.6663,134013.0,12168.5,1208240.0
31-May-2012,97.6609,133932.0,12183.0,1211617.0
30-Apr-2012,97.4359,133825.0,12191.2,1207954.0
31-Mar-2012,96.74,133748.0,12142.7,1204027.0
29-Feb-2012,97.2435,133509.0,12108.5,1205143.0
31-Jan-2012,96.9318,133246.0,12032.0,1200818.0
31-Dec-2011,96.3571,132888.0,11949.8,1193759.0
30-Nov-2011,95.8485,132690.0,11829.9,1183388.0
31-Oct-2011,95.8568,132553.0,11842.3,1187685.0
30-Sep-2011,95.1961,132344.0,11840.1,1172878.0
31-Aug-2011,95.2749,132125.0,11854.7,1180548.0
31-Jul-2011,94.636,131992.0,11856.3,1171851.0
30-Jun-2011,94.172,131931.0,11785.7,1166558.0
31-May-2011,93.888,131703.0,11715.9,1154888.0
30-Apr-2011,93.7749,131597.0,11719.4,1164024.0
31-Mar-2011,94.0788,131283.0,11734.0,1168286.0
28-Feb-2011,93.1102,131057.0,11761.8,1155055.0
31-Jan-2011,93.4814,130837.0,11708.4,1171839.0
31-Dec-2010,93.6787,130830.0,11523.9,1157650.0
30-Nov-2010,92.7709,130749.0,11440.1,1155595.0
31-Oct-2010,92.6903,130620.0,11418.9,1152306.0
30-Sep-2010,92.9537,130341.0,11399.6,1146388.0
31-Aug-2010,92.6805,130415.0,11387.7,1146566.0
31-Jul-2010,92.3421,130415.0,11368.1,1145984.0
30-Jun-2010,91.9928,130510.0,11339.4,1136355.0
31-May-2010,91.823,130642.0,11326.7,1125510.0
30-Apr-2010,90.5991,130120.0,11218.9,1129045.0
31-Mar-2010,90.2928,129866.0,11099.4,1119036.0
28-Feb-2010,89.6779,129706.0,11055.9,1105025.0
31-Jan-2010,89.3426,129802.0,11065.2,1097775.0
31-Dec-2009,88.3793,129808.0,11090.7,1100924.0
30-Nov-2009,88.0221,130057.0,11063.7,1097236.0
31-Oct-2009,87.6419,130061.0,11031.5,1089060.0
30-Sep-2009,87.4063,130246.0,11032.9,1083725.0
31-Aug-2009,86.6426,130472.0,11040.4,1082444.0
31-Jul-2009,85.7027,130662.0,11067.3,1081824.0
30-Jun-2009,84.7459,131008.0,11120.7,1066077.0
31-May-2009,85.0665,131466.0,11207.2,1067765.0
30-Apr-2009,85.9344,131822.0,11215.7,1067305.0
31-Mar-2009,86.6528,132494.0,11225.3,1075682.0
28-Feb-2009,88.031,133318.0,11296.4,1098345.0
31-Jan-2009,88.57,134079.0,11475.8,1091570.0
31-Dec-2008,90.8357,134847.0,11680.5,1115214.0
30-Nov-2008,93.4715,135541.0,11812.4,1121305.0
31-Oct-2008,94.7219,136291.0,11749.8,1152758.0
30-Sep-2008,93.7895,136760.0,11678.3,1163601.0
31-Aug-2008,98.1111,137211.0,11680.1,1192943.0
31-Jul-2008,99.676,137497.0,11623.9,1201769.0
30-Jun-2008,100.0335,137700.0,11669.1,1222857.0
31-May-2008,100.2674,137851.0,11728.6,1224494.0
30-Apr-2008,100.8785,138040.0,11775.0,1233018.0
31-Mar-2008,101.5336,138259.0,11844.7,1220580.0
29-Feb-2008,101.8438,138329.0,11841.2,1236974.0
31-Jan-2008,102.2448,138391.0,11830.2,1248910.0
31-Dec-2007,102.3803,138395.0,11825.3,1242662.0
30-Nov-2007,102.3446,138290.0,11784.9,1252867.0
31-Oct-2007,101.8015,138175.0,11791.6,1255916.0
30-Sep-2007,102.0894,138099.0,11808.3,1249279.0
31-Aug-2007,101.863,138013.0,11798.6,1248674.0
31-Jul-2007,101.6672,138044.0,11812.0,1233195.0
30-Jun-2007,101.7893,138070.0,11807.8,1240587.0
31-May-2007,101.7306,137992.0,11811.5,1242000.0
30-Apr-2007,101.6334,137847.0,11801.5,1233744.0
31-Mar-2007,100.9547,137784.0,11765.5,1235875.0
28-Feb-2007,100.7753,137560.0,11713.7,1234327.0
31-Jan-2007,99.8346,137472.0,11666.7,1226965.0
31-Dec-2006,100.1735,137249.0,11683.5,1234494.0
30-Nov-2006,99.1627,137060.0,11624.9,1215059.0
31-Oct-2006,99.2044,136843.0,11562.6,1214355.0
30-Sep-2006,99.3183,136826.0,11486.6,1213475.0
31-Aug-2006,99.4836,136692.0,11414.5,1213695.0
31-Jul-2006,99.0489,136529.0,11430.6,1206927.0
30-Jun-2006,99.0997,136337.0,11447.3,1212189.0
31-May-2006,98.7869,136249.0,11437.1,1215535.0
30-Apr-2006,98.7618,136210.0,11453.9,1205627.0
31-Mar-2006,98.4628,136038.0,11441.6,1217128.0
28-Feb-2006,98.2413,135733.0,11389.7,1215079.0
31-Jan-2006,98.1999,135427.0,11309.9,1212206.0
31-Dec-2005,98.0452,135159.0,11206.7,1205870.0
30-Nov-2005,97.5414,134997.0,11158.5,1198972.0
31-Oct-2005,96.4572,134641.0,11081.4,1182725.0
30-Sep-2005,95.3005,134552.0,10998.5,1182865.0
31-Aug-2005,97.1833,134502.0,11028.8,1188599.0
31-Jul-2005,96.8676,134300.0,11029.5,1185681.0
30-Jun-2005,97.1753,133948.0,10996.5,1186461.0
31-May-2005,96.7402,133689.0,10963.9,1175330.0
30-Apr-2005,96.6532,133520.0,10909.6,1177581.0
31-Mar-2005,96.4456,133154.0,10877.8,1160056.0
28-Feb-2005,96.5761,133034.0,10836.7,1168023.0
31-Jan-2005,95.8801,132781.0,10842.0,1167649.0
31-Dec-2004,95.5365,132630.0,11216.7,1163441.0
30-Nov-2004,94.7813,132503.0,10809.0,1145583.0
31-Oct-2004,94.5465,132429.0,10842.5,1143491.0
30-Sep-2004,93.7467,132089.0,10834.4,1141076.0
31-Aug-2004,93.6277,131939.0,10816.8,1136416.0
31-Jul-2004,93.5649,131854.0,10788.8,1126633.0
30-Jun-2004,92.871,131794.0,10734.6,1124971.0
31-May-2004,93.6013,131697.0,10720.8,1126018.0
30-Apr-2004,92.93,131412.0,10655.2,1122891.0
31-Mar-2004,92.5861,131140.0,10619.2,1134983.0
29-Feb-2004,92.958,130821.0,10580.1,1108947.0
31-Jan-2004,92.4006,130756.0,10578.0,1100415.0
31-Dec-2003,92.2602,130589.0,10611.8,1105930.0
30-Nov-2003,92.2329,130480.0,10621.1,1109066.0
31-Oct-2003,91.6186,130439.0,10547.7,1104794.0
30-Sep-2003,91.5059,130252.0,10491.3,1102189.0
31-Aug-2003,90.9197,130153.0,10473.1,1097724.0
31-Jul-2003,91.1185,130184.0,10457.1,1098175.0
30-Jun-2003,90.6527,130186.0,10450.0,1089890.0
31-May-2003,90.537,130197.0,10417.3,1079781.0
30-Apr-2003,90.5617,130173.0,10341.0,1070393.0
31-Mar-2003,91.1044,130235.0,10298.6,1073501.0
28-Feb-2003,91.3445,130441.0,10285.2,1063803.0
31-Jan-2003,91.2361,130573.0,10324.3,1075692.0
31-Dec-2002,90.4652,130465.0,10360.2,1069405.0
30-Nov-2002,90.9711,130616.0,10344.9,1077771.0
31-Oct-2002,90.4643,130617.0,10322.1,1066346.0
30-Sep-2002,90.6531,130502.0,10302.1,1071285.0
31-Aug-2002,90.5762,130581.0,10300.4,1080545.0
31-Jul-2002,90.6769,130584.0,10302.9,1070268.0
30-Jun-2002,90.7061,130674.0,10339.8,1073259.0
31-May-2002,89.964,130632.0,10307.9,1069774.0
30-Apr-2002,89.604,130616.0,10280.0,1067559.0
31-Mar-2002,89.1686,130722.0,10284.1,1055421.0
28-Feb-2002,88.5278,130737.0,10284.8,1060653.0
31-Jan-2002,88.5176,130859.0,10282.4,1056809.0
31-Dec-2001,87.9324,130983.0,10277.7,1057834.0
30-Nov-2001,87.97,131144.0,10274.1,1055757.0
31-Oct-2001,88.5052,131452.0,10281.1,1060915.0
30-Sep-2001,88.7485,131763.0,10339.7,1030304.0
31-Aug-2001,89.2003,132021.0,10353.3,1052430.0
31-Jul-2001,89.3028,132172.0,10360.8,1043806.0
30-Jun-2001,89.8784,132300.0,10362.4,1039840.0
31-May-2001,90.3555,132408.0,10376.7,1054208.0
30-Apr-2001,90.7891,132458.0,10410.4,1045172.0
31-Mar-2001,91.1162,132751.0,10452.6,1053481.0
28-Feb-2001,91.3034,132788.0,10421.6,1066262.0
31-Jan-2001,91.902,132703.0,10400.3,1061578.0
31-Dec-2000,92.3415,132716.0,10354.8,1070164.0
30-Nov-2000,92.6438,132556.0,10350.5,1061839.0
31-Oct-2000,92.6179,132352.0,10337.7,1069627.0
30-Sep-2000,92.9792,132337.0,10308.4,1077852.0
31-Aug-2000,92.5521,132234.0,10298.3,1066347.0
31-Jul-2000,92.8048,132228.0,10244.3,1065977.0
30-Jun-2000,92.9862,132063.0,10184.3,1072737.0
31-May-2000,92.9499,132105.0,10135.7,1065692.0
30-Apr-2000,92.6989,131884.0,10127.6,1071378.0
31-Mar-2000,92.1504,131604.0,10078.6,1062548.0
29-Feb-2000,91.8239,131120.0,10045.9,1050132.0
31-Jan-2000,91.538,131011.0,10000.3,1069375.0
31-Dec-1999,91.6634,130783.0,9904.0,1060927.0
30-Nov-1999,90.9618,130466.0,9816.9,1056351.0
31-Oct-1999,90.523,130178.0,9739.5,1050919.0
30-Sep-1999,89.4299,129771.0,9676.6,1041766.0
31-Aug-1999,89.7924,129572.0,9681.7,1043658.0
31-Jul-1999,89.4333,129422.0,9639.2,1035484.0
30-Jun-1999,88.9188,129084.0,9612.4,1034140.0
31-May-1999,88.9886,128813.0,9577.7,1033086.0
30-Apr-1999,88.4295,128595.0,9556.6,1018152.0
31-Mar-1999,88.2267,128234.0,9574.7,1019851.0
28-Feb-1999,88.027,128117.0,9569.7,1021353.0
31-Jan-1999,87.4949,127699.0,9526.4,1005803.0
31-Dec-1998,87.1185,127595.0,9497.8,1007152.0
30-Nov-1998,86.7256,127222.0,9478.1,999456.0
31-Oct-1998,86.7914,126949.0,9433.7,995183.0
30-Sep-1998,86.2021,126744.0,9414.7,986814.0
31-Aug-1998,86.248,126546.0,9384.0,977500.0
31-Jul-1998,84.4986,126212.0,9343.9,966951.0
30-Jun-1998,84.8248,126076.0,9319.7,972634.0
31-May-1998,85.3367,125845.0,9262.9,976540.0
30-Apr-1998,84.7779,125445.0,9212.6,973216.0
31-Mar-1998,84.488,125165.0,9171.8,971898.0
28-Feb-1998,84.4583,125017.0,9112.6,967109.0
31-Jan-1998,84.3218,124806.0,9045.0,953719.0
31-Dec-1997,83.9538,124549.0,8957.7,951871.0
30-Nov-1997,83.5978,124225.0,8902.2,954274.0
31-Oct-1997,82.9446,123924.0,8831.7,944230.0
30-Sep-1997,82.2156,123575.0,8778.2,946972.0
31-Aug-1997,81.4694,123087.0,8748.6,939378.0
31-Jul-1997,80.6624,123114.0,8692.3,942048.0
30-Jun-1997,79.9792,122816.0,8648.6,932603.0
31-May-1997,79.6133,122560.0,8614.9,920215.0
30-Apr-1997,79.1747,122289.0,8568.6,920441.0
31-Mar-1997,79.082,121991.0,8555.7,917376.0
28-Feb-1997,78.5833,121673.0,8516.0,916958.0
31-Jan-1997,77.6562,121356.0,8477.0,898609.0
31-Dec-1996,77.5333,121143.0,8442.0,887167.277
30-Nov-1996,77.0397,120947.0,8405.9,893603.096
31-Oct-1996,76.3384,120665.0,8375.9,887041.109
30-Sep-1996,76.3158,120400.0,8369.8,880151.082
31-Aug-1996,75.8411,120198.0,8338.0,877467.888
31-Jul-1996,75.4549,120019.0,8303.0,874466.269
30-Jun-1996,75.4433,119770.0,8312.8,867614.693
31-May-1996,74.8726,119497.0,8251.9,871724.196
30-Apr-1996,74.3172,119158.0,8210.4,865141.781
31-Mar-1996,73.585,118992.0,8196.0,857469.507
29-Feb-1996,73.6752,118738.0,8172.2,857042.936
31-Jan-1996,72.6125,118317.0,8102.2,849368.258
31-Dec-1995,73.0305,118325.0,8094.0,857932.126
30-Nov-1995,72.7779,118165.0,8085.1,853885.107
31-Oct-1995,72.5866,118026.0,8050.8,846951.822
30-Sep-1995,72.7144,117873.0,8026.4,846509.63
31-Aug-1995,72.4223,117646.0,7989.2,847545.417
31-Jul-1995,71.4748,117382.0,7974.2,830716.88
30-Jun-1995,71.7749,117291.0,7948.3,840655.39
31-May-1995,71.5378,117046.0,7912.5,832629.842
30-Apr-1995,71.1882,117066.0,7912.6,826543.692
31-Mar-1995,71.3113,116908.0,7899.5,832775.237
28-Feb-1995,71.193,116694.0,7881.4,833069.631
31-Jan-1995,71.2734,116505.0,7865.0,837783.544
31-Dec-1994,71.1523,116174.0,7843.2,834098.208
30-Nov-1994,70.4326,115867.0,7811.0,827881.083
31-Oct-1994,69.9544,115457.0,7815.2,820651.0
30-Sep-1994,69.3961,115246.0,7752.9,814435.076
31-Aug-1994,69.1785,114902.0,7716.3,817976.218
31-Jul-1994,68.7178,114608.0,7706.9,799106.148
30-Jun-1994,68.6265,114239.0,7687.8,802624.459
31-May-1994,68.1663,113922.0,7698.1,795323.482
30-Apr-1994,67.8541,113589.0,7676.1,793403.311
31-Mar-1994,67.4552,113245.0,7597.7,797604.136
28-Feb-1994,66.774,112782.0,7574.1,784541.443
31-Jan-1994,66.7351,112601.0,7565.0,777430.32
31-Dec-1993,66.5436,112325.0,7752.5,776545.935
30-Nov-1993,66.1518,111987.0,7461.7,774098.258
31-Oct-1993,65.8509,111734.0,7439.5,770147.367
30-Sep-1993,65.3717,111448.0,7469.1,766871.78
31-Aug-1993,65.0267,111200.0,7489.9,760103.116
31-Jul-1993,65.1052,111054.0,7477.1,756227.926
30-Jun-1993,64.9301,110742.0,7456.5,759904.85
31-May-1993,64.784,110571.0,7476.3,752943.928
30-Apr-1993,65.0301,110300.0,7473.1,751753.133
31-Mar-1993,64.8522,110004.0,7403.9,747888.758
28-Feb-1993,64.9089,110047.0,7432.5,752647.131
31-Jan-1993,64.5978,109790.0,7390.7,753613.224
31-Dec-1992,64.3507,109502.0,7655.0,751730.303
30-Nov-1992,64.2422,109283.0,7353.6,740208.073
31-Oct-1992,63.9995,109139.0,7321.0,738948.786
30-Sep-1992,63.5703,108951.0,7363.9,735969.997
31-Aug-1992,63.3613,108916.0,7401.0,725877.682
31-Jul-1992,63.7176,108793.0,7373.5,737611.395
30-Jun-1992,63.1363,108706.0,7384.2,727863.941
31-May-1992,63.104,108646.0,7352.4,720270.973
30-Apr-1992,62.897,108516.0,7313.2,726592.639
31-Mar-1992,62.4232,108367.0,7294.4,721782.597
29-Feb-1992,61.8955,108312.0,7290.1,718889.123
31-Jan-1992,61.4616,108365.0,7251.5,717085.507
31-Dec-1991,61.7852,108330.0,7232.8,703459.259
30-Nov-1991,62.0871,108300.0,7186.3,712530.207
31-Oct-1991,62.1855,108361.0,7169.7,714844.506
30-Sep-1991,62.2195,108335.0,7185.1,714123.541
31-Aug-1991,61.7298,108300.0,7166.3,711082.268
31-Jul-1991,61.7305,108290.0,7156.6,714091.097
30-Jun-1991,61.5581,108330.0,7174.5,704890.376
31-May-1991,61.0633,108253.0,7134.8,708061.422
30-Apr-1991,60.4938,108350.0,7136.9,702300.908
31-Mar-1991,60.3346,108568.0,7120.0,688729.934
28-Feb-1991,60.6838,108735.0,7116.1,692734.897
31-Jan-1991,61.1355,109058.0,7117.2,688659.039
31-Dec-1990,61.3352,109168.0,7186.8,693227.557
30-Nov-1990,61.7887,109222.0,7156.9,700518.922
31-Oct-1990,62.5845,109377.0,7159.5,708898.944
30-Sep-1990,62.9523,109522.0,7231.3,711952.233
31-Aug-1990,62.9475,109607.0,7242.0,725287.691
31-Jul-1990,62.7284,109815.0,7289.9,718064.819
30-Jun-1990,62.8382,109850.0,7261.7,721932.799
31-May-1990,62.6258,109828.0,7252.9,720071.506
30-Apr-1990,62.4359,109674.0,7262.7,714267.734
31-Mar-1990,62.5999,109640.0,7216.8,722594.885
28-Feb-1990,62.2896,109436.0,7210.5,718408.479
31-Jan-1990,61.729,109196.0,7184.9,707890.794
31-Dec-1989,62.0428,108836.0,7185.9,713463.857
30-Nov-1989,61.7044,108752.0,7175.1,711113.51
31-Oct-1989,61.4966,108476.0,7172.8,704809.868
30-Sep-1989,61.5796,108369.0,7137.5,711680.669
31-Aug-1989,61.7732,108120.0,7120.2,716702.194
31-Jul-1989,61.1738,108069.0,7108.6,698959.233
30-Jun-1989,61.7697,108027.0,7084.0,706202.533
31-May-1989,61.7744,107913.0,7066.7,708387.058
30-Apr-1989,62.1276,107791.0,7099.5,711559.307
31-Mar-1989,62.1369,107621.0,7121.5,705128.294
28-Feb-1989,61.9819,107427.0,7093.0,709350.749
31-Jan-1989,62.2574,107161.0,7072.7,717188.846
31-Dec-1988,62.0743,106898.0,7026.0,716370.55
30-Nov-1988,61.7944,106617.0,6988.0,707153.006
31-Oct-1988,61.6453,106276.0,6989.1,704433.764
30-Sep-1988,61.3807,106013.0,6946.2,699007.297
31-Aug-1988,61.5731,105674.0,6929.8,696253.209
31-Jul-1988,61.2659,105550.0,6911.5,695850.67
30-Jun-1988,61.2569,105326.0,6876.1,698684.064
31-May-1988,61.0797,104962.0,6848.1,691900.981
30-Apr-1988,61.2031,104732.0,6839.6,689735.681
31-Mar-1988,60.8501,104489.0,6808.8,693454.661
29-Feb-1988,60.7003,104214.0,6800.9,682522.421
31-Jan-1988,60.3976,103753.0,6765.9,674894.606
31-Dec-1987,60.4095,103661.0,6793.8,676438.674
30-Nov-1987,60.0726,103372.0,6709.9,670755.062
31-Oct-1987,59.781,103138.0,6670.6,672618.758
30-Sep-1987,58.9951,102647.0,6622.5,673394.998
31-Aug-1987,58.7636,102420.0,6613.8,666054.367
31-Jul-1987,58.3258,102247.0,6570.7,669004.318
30-Jun-1987,57.9307,101900.0,6546.4,663252.215
31-May-1987,57.6322,101728.0,6542.1,659958.604
30-Apr-1987,57.2701,101499.0,6507.7,661061.681
31-Mar-1987,56.9098,101164.0,6511.4,662965.03
28-Feb-1987,56.8275,100919.0,6493.4,662329.379
31-Jan-1987,56.0882,100678.0,6473.4,639270.499
31-Dec-1986,56.2845,100509.0,6485.2,660110.007
30-Nov-1986,55.7557,100308.0,6461.9,646573.879
31-Oct-1986,55.5332,100121.0,6448.9,648561.341
30-Sep-1986,55.2975,99934.0,6448.0,657852.183
31-Aug-1986,55.1567,99588.0,6441.9,642607.368
31-Jul-1986,55.2592,99473.0,6416.9,641695.346
30-Jun-1986,54.9005,99155.0,6395.7,637925.898
31-May-1986,55.1226,99248.0,6394.4,633859.653
30-Apr-1986,55.0413,99121.0,6390.2,639997.472
31-Mar-1986,54.9625,98934.0,6369.7,627364.955
28-Feb-1986,55.3568,98847.0,6310.2,626753.336
31-Jan-1986,55.7481,98732.0,6277.3,630338.938
31-Dec-1985,55.4412,98609.0,6295.7,621004.838
30-Nov-1985,54.9124,98443.0,6252.6,624340.505
31-Oct-1985,54.7199,98233.0,6242.3,619804.43
30-Sep-1985,54.8906,98045.0,6209.5,625572.154
31-Aug-1985,54.7055,97840.0,6180.7,623898.313
31-Jul-1985,54.5396,97648.0,6169.5,612761.799
30-Jun-1985,54.7989,97459.0,6171.1,611587.827
31-May-1985,54.8255,97312.0,6144.9,621873.601
30-Apr-1985,54.7459,97038.0,6128.2,614751.664
31-Mar-1985,54.8653,96842.0,6140.2,615382.508
28-Feb-1985,54.7825,96503.0,6111.5,610042.557
31-Jan-1985,54.6322,96372.0,6106.5,607972.185
31-Dec-1984,54.6416,96107.0,6112.7,609494.624
30-Nov-1984,54.624,95982.0,6083.4,608766.448
31-Oct-1984,54.4406,95629.0,6049.7,603409.675
30-Sep-1984,54.4466,95344.0,6075.2,600888.699
31-Aug-1984,54.6083,95032.0,6019.6,601630.092
31-Jul-1984,54.5521,94789.0,5978.9,601781.494
30-Jun-1984,54.4014,94479.0,5961.8,605012.621
31-May-1984,54.2026,94098.0,5912.7,599678.678
30-Apr-1984,53.91,93792.0,5896.5,594977.983
31-Mar-1984,53.5929,93429.0,5856.2,591699.993
29-Feb-1984,53.3318,93157.0,5819.3,591194.116
31-Jan-1984,53.0985,92673.0,5777.9,591512.542
31-Dec-1983,52.0594,92230.0,5755.7,587714.256
30-Nov-1983,51.7993,91875.0,5703.9,577027.144
31-Oct-1983,51.5693,91520.0,5668.5,571165.694
30-Sep-1983,51.178,91247.0,5604.1,564975.004
31-Aug-1983,50.4443,90129.0,5555.9,556459.2
31-Jul-1983,49.8546,90437.0,5562.4,557370.019
30-Jun-1983,49.123,90021.0,5529.9,557666.817
31-May-1983,48.8239,89644.0,5514.5,543698.11
30-Apr-1983,48.5311,89364.0,5489.2,535378.168
31-Mar-1983,47.9244,89090.0,5480.2,535427.434
28-Feb-1983,47.5233,88917.0,5458.5,526595.607
31-Jan-1983,47.8234,88990.0,5458.2,528823.39
31-Dec-1982,46.9485,88771.0,5451.9,518920.929
30-Nov-1982,47.283,88786.0,5419.9,520350.844
31-Oct-1982,47.4371,88907.0,5415.4,518937.752
30-Sep-1982,47.9008,89183.0,5425.8,524334.178
31-Aug-1982,48.0192,89363.0,5436.7,523323.625
31-Jul-1982,48.4616,89521.0,5425.2,528166.11
30-Jun-1982,48.6214,89865.0,5445.2,530210.047
31-May-1982,48.7483,90107.0,5468.1,537835.459
30-Apr-1982,49.075,90150.0,5466.4,535081.371
31-Mar-1982,49.5323,90434.0,5435.0,534478.163
28-Feb-1982,49.8636,90563.0,5439.4,534051.592
31-Jan-1982,48.8685,90565.0,5419.4,525660.755
31-Dec-1981,49.8987,90895.0,5430.3,528441.278
30-Nov-1981,50.435,91171.0,5433.5,535372.16
31-Oct-1981,51.0281,91380.0,5430.4,539542.946
30-Sep-1981,51.4337,91477.0,5449.5,546976.1
31-Aug-1981,51.6826,91565.0,5454.8,550764.774
31-Jul-1981,51.7471,91601.0,5427.8,552979.339
30-Jun-1981,51.4101,91490.0,5370.9,551710.44
31-May-1981,51.1495,91296.0,5337.2,553170.395
30-Apr-1981,50.858,91283.0,5320.2,557110.472
31-Mar-1981,51.0826,91210.0,5324.6,556799.255
28-Feb-1981,50.824,91105.0,5309.3,562611.438
31-Jan-1981,51.0415,91033.0,5324.9,564940.157
31-Dec-1980,51.3708,90943.0,5339.5,561521.579
30-Nov-1980,51.0311,90747.0,5317.8,560138.527
31-Oct-1980,50.1908,90490.0,5292.9,559766.028
30-Sep-1980,49.5608,90213.0,5232.4,548314.693
31-Aug-1980,48.7563,90099.0,5215.0,537003.945
31-Jul-1980,48.6039,89840.0,5196.7,533161.199
30-Jun-1980,48.9482,90101.0,5214.4,526517.502
31-May-1980,49.589,90420.0,5206.0,528037.538
30-Apr-1980,50.8397,90849.0,5228.0,534885.508
31-Mar-1980,51.87,90994.0,5238.5,546586.779
29-Feb-1980,52.082,90883.0,5256.5,559322.634
31-Jan-1980,52.0679,90800.0,5277.0,564633.747
31-Dec-1979,51.7878,90672.0,5283.1,559893.399
30-Nov-1979,51.7531,90573.0,5270.2,561533.595
31-Oct-1979,51.8334,90481.0,5253.6,561320.91
30-Sep-1979,51.4597,90327.0,5254.8,563003.163
31-Aug-1979,51.4684,90300.0,5250.9,566199.443
31-Jul-1979,51.8097,90217.0,5241.8,565217.729
30-Jun-1979,51.8965,90108.0,5235.8,565933.888
31-May-1979,51.8856,89789.0,5227.5,571771.305
30-Apr-1979,51.4193,89417.0,5242.7,559387.521
31-Mar-1979,52.0446,89479.0,5294.3,574897.892
28-Feb-1979,51.8752,89055.0,5278.5,558729.039
31-Jan-1979,51.6278,88808.0,5248.7,561382.192
31-Dec-1978,51.909,88671.0,5236.1,567590.907
30-Nov-1978,51.6514,88391.0,5202.6,564568.86
31-Oct-1978,51.2559,87956.0,5195.9,562133.198
30-Sep-1978,50.8744,87621.0,5173.3,557162.141
31-Aug-1978,50.7458,87483.0,5159.7,558437.048
31-Jul-1978,50.5384,87204.0,5136.2,551247.821
30-Jun-1978,50.5801,86950.0,5124.9,555827.153
31-May-1978,50.254,86509.0,5095.2,552763.05
30-Apr-1978,50.0206,86162.0,5093.2,553289.355
31-Mar-1978,49.0265,85460.0,5052.8,537019.566
28-Feb-1978,48.1044,84948.0,5021.5,531680.817
31-Jan-1978,47.8481,84594.0,4995.2,519760.854
31-Dec-1977,48.5629,84410.0,5014.3,536176.037
30-Nov-1977,48.4761,84173.0,4987.6,529163.446
31-Oct-1977,48.3871,83800.0,4956.6,526756.622
30-Sep-1977,48.3189,83532.0,4900.6,522840.578
31-Aug-1977,48.1205,83075.0,4861.6,520927.616
31-Jul-1977,48.073,82834.0,4848.1,520068.466
30-Jun-1977,48.0116,82488.0,4829.7,518656.575
31-May-1977,47.6411,82088.0,4814.4,514019.565
30-Apr-1977,47.2684,81728.0,4789.3,513695.131
31-Mar-1977,46.8185,81391.0,4765.4,514317.564
28-Feb-1977,46.2277,80988.0,4743.2,508170.132
31-Jan-1977,45.5087,80690.0,4726.1,501353.403
31-Dec-1976,45.8294,80448.0,4744.1,504644.61
30-Nov-1976,45.3392,80240.0,4728.2,491901.545
31-Oct-1976,44.6585,79911.0,4689.5,483856.772
30-Sep-1976,44.6721,79892.0,4685.6,489634.109
31-Aug-1976,44.5182,79704.0,4678.0,488221.016
31-Jul-1976,44.2141,79547.0,4660.0,486539.965
30-Jun-1976,43.9637,79376.0,4644.1,486201.111
31-May-1976,43.9186,79312.0,4640.8,480297.605
30-Apr-1976,43.7327,79292.0,4626.6,480828.717
31-Mar-1976,43.5168,79048.0,4601.8,478539.651
29-Feb-1976,43.4229,78816.0,4583.4,474949.243
31-Jan-1976,43.0012,78503.0,4553.5,472872.862
31-Dec-1975,42.4414,78017.0,4528.7,461447.962
30-Nov-1975,41.8697,77685.0,4526.8,456611.485
31-Oct-1975,41.8135,77540.0,4516.9,457281.983
30-Sep-1975,41.6304,77228.0,4497.5,456724.437
31-Aug-1975,41.0998,77153.0,4484.7,455633.376
31-Jul-1975,40.6994,76770.0,4447.1,450349.9
30-Jun-1975,40.2772,76521.0,4449.0,448124.52
31-May-1975,40.0253,76624.0,4439.9,444131.573
30-Apr-1975,40.1573,76460.0,4416.5,444233.709
31-Mar-1975,40.0638,76648.0,4421.6,439827.408
28-Feb-1975,40.5165,76918.0,4421.8,453447.648
31-Jan-1975,41.4676,77293.0,4442.2,456397.599
31-Dec-1974,42.0533,77652.0,4456.0,457546.337
30-Nov-1974,43.6278,78265.0,4472.5,471363.641
31-Oct-1974,45.1133,78630.0,4507.8,476462.069
30-Sep-1974,45.2365,78610.0,4498.0,484762.785
31-Aug-1974,45.2366,78619.0,4503.6,488904.732
31-Jul-1974,45.7221,78636.0,4510.0,493693.144
30-Jun-1974,45.6238,78604.0,4506.5,494825.06
31-May-1974,45.7044,78549.0,4508.4,496557.781
30-Apr-1974,45.3451,78382.0,4505.4,494381.666
31-Mar-1974,45.4777,78296.0,4527.8,498011.728
28-Feb-1974,45.4759,78254.0,4559.3,496333.08
31-Jan-1974,45.6204,78100.0,4589.0,498780.758
31-Dec-1973,45.923,78031.0,4644.0,498331.356
30-Nov-1973,46.0553,77920.0,4654.9,505091.609
31-Oct-1973,45.847,77607.0,4644.2,497051.642
30-Sep-1973,45.4624,77276.0,4601.6,484620.995
31-Aug-1973,45.1019,77168.0,4573.1,481298.546
31-Jul-1973,45.1636,76913.0,4591.5,491454.547
30-Jun-1973,45.0035,76887.0,4573.5,484846.898
31-May-1973,44.9429,76648.0,4556.1,485816.596
30-Apr-1973,44.6387,76455.0,4539.4,487378.688
31-Mar-1973,44.7045,76284.0,4525.8,489403.4
28-Feb-1973,44.6827,76014.0,4523.8,491365.627
31-Jan-1973,44.0529,75617.0,4506.6,490599.001
31-Dec-1972,43.7367,75268.0,4530.8,484428.738
30-Nov-1972,43.2548,74973.0,4504.1,478052.999
31-Oct-1972,42.7494,74674.0,4471.0,469079.382
30-Sep-1972,42.2132,74264.0,4396.4,462692.829
31-Aug-1972,41.879,74141.0,4375.5,454870.354
31-Jul-1972,41.3035,73709.0,4332.2,444221.693
30-Jun-1972,41.3497,73758.0,4304.2,446997.41
31-May-1972,41.2405,73469.0,4291.2,445055.61
30-Apr-1972,41.2348,73162.0,4273.3,442331.562
31-Mar-1972,40.8263,72944.0,4259.5,439346.765
29-Feb-1972,40.5459,72648.0,4231.9,431354.862
31-Jan-1972,40.1408,72441.0,4208.2,436061.565
31-Dec-1971,39.2035,72109.0,4184.5,431500.257
30-Nov-1971,38.7561,71847.0,4159.2,427508.511
31-Oct-1971,38.5924,71642.0,4142.0,420400.993
30-Sep-1971,38.3056,71614.0,4125.2,420110.204
31-Aug-1971,37.693,71373.0,4107.2,416361.183
31-Jul-1971,37.9131,71315.0,4091.7,413760.901
30-Jun-1971,38.0234,71254.0,4086.5,418581.757
31-May-1971,37.8646,71247.0,4084.7,412911.363
30-Apr-1971,37.6735,71036.0,4068.1,410904.676
31-Mar-1971,37.4631,70860.0,4056.9,408681.699
28-Feb-1971,37.5037,70807.0,4045.8,406993.438
31-Jan-1971,37.5753,70865.0,4041.6,404733.211
31-Dec-1970,37.2885,70792.0,4002.9,400806.352
30-Nov-1970,36.4514,70409.0,3992.7,388477.842
31-Oct-1970,36.6735,70521.0,3994.3,395109.523
30-Sep-1970,37.4221,70944.0,4017.2,399263.486
31-Aug-1970,37.6818,70937.0,4028.3,399958.016
31-Jul-1970,37.7491,71053.0,4020.4,400143.064
30-Jun-1970,37.6567,71029.0,3999.3,399716.493
31-May-1970,37.7789,71124.0,3986.4,398121.957
30-Apr-1970,37.823,71348.0,3978.0,393844.229
31-Mar-1970,37.9205,71451.0,4001.6,395844.908
28-Feb-1970,37.9698,71305.0,3986.5,400525.176
31-Jan-1970,37.9948,71176.0,3979.5,400169.499
31-Dec-1969,38.7116,71241.0,3972.8,405277.54
30-Nov-1969,38.8158,71086.0,3965.8,406026.142
31-Oct-1969,39.1852,71121.0,3961.6,411726.576
30-Sep-1969,39.1737,70914.0,3955.8,407018.672
31-Aug-1969,39.1825,71008.0,3945.2,405063.654
31-Jul-1969,39.0927,70729.0,3920.7,400716.232
30-Jun-1969,38.8874,70636.0,3899.4,400603.28
31-May-1969,38.5111,70328.0,3884.3,400832.788
30-Apr-1969,38.6573,70072.0,3868.8,401109.158
31-Mar-1969,38.8,69905.0,3859.1,399382.445
28-Feb-1969,38.4981,69699.0,3840.1,397918.885
31-Jan-1969,38.2533,69439.0,3824.3,397300.057
31-Dec-1968,38.0233,69248.0,3823.3,397290.444
30-Nov-1968,37.9036,68984.0,3807.9,401009.424
31-Oct-1968,37.4196,68721.0,3790.5,397581.233
30-Sep-1968,37.3454,68484.0,3785.0,392268.919
31-Aug-1968,37.2045,68330.0,3765.4,386854.468
31-Jul-1968,37.101,68126.0,3751.3,393564.254
30-Jun-1968,37.158,67905.0,3728.6,389844.072
31-May-1968,37.022,67652.0,3710.6,387106.806
30-Apr-1968,36.6113,67556.0,3688.0,384412.798
31-Mar-1968,36.5584,67295.0,3676.8,385177.022
29-Feb-1968,36.4446,67215.0,3658.9,382331.611
31-Jan-1968,36.3145,66804.0,3629.2,383540.43
31-Dec-1967,36.3536,66900.0,3611.3,387426.434
30-Nov-1967,35.9663,66703.0,3601.6,378999.549
31-Oct-1967,35.4591,66225.0,3579.1,369058.636
30-Sep-1967,35.1727,66164.0,3577.9,371637.29
31-Aug-1967,35.2299,66143.0,3572.9,370329.939
31-Jul-1967,34.5676,65888.0,3557.6,365421.365
30-Jun-1967,34.6465,65750.0,3541.4,367798.148
31-May-1967,34.6508,65620.0,3527.6,365086.116
30-Apr-1967,34.9558,65466.0,3522.2,365385.317
31-Mar-1967,34.6292,65530.0,3521.1,365624.437
28-Feb-1967,34.8255,65429.0,3507.6,362995.316
31-Jan-1967,35.225,65407.0,3508.2,364393.989
