Date,Real GDP (Quarterly B$ repeated),Industrial Production (Monthly Index)
31-Dec-2025,24055.749,101.6113
30-Nov-2025,24055.749,101.0810
31-Oct-2025,24055.749,101.2195
30-Sep-2025,24026.834,101.6680
31-Aug-2025,24026.834,101.6247
31-Jul-2025,24026.834,101.8940
30-Jun-2025,23770.976,101.4785
31-May-2025,23770.976,100.9655
30-Apr-2025,23770.976,101.1279
31-Mar-2025,23548.210,101.0404
28-Feb-2025,23548.210,101.0993
31-Jan-2025,23548.210,100.0647
31-Dec-2024,23586.542,100.3273
30-Nov-2024,23586.542,99.2925
31-Oct-2024,23586.542,99.4695
30-Sep-2024,23478.570,99.8084
31-Aug-2024,23478.570,100.4309
31-Jul-2024,23478.570,99.9757
30-Jun-2024,23286.508,100.8940
31-May-2024,23286.508,100.8630
30-Apr-2024,23286.508,100.2434
31-Mar-2024,23082.119,100.4575
29-Feb-2024,23082.119,100.2850
31-Jan-2024,23082.119,99.2223
31-Dec-2023,23033.780,100.6031
30-Nov-2023,23033.780,100.8639
31-Oct-2023,23033.780,100.4689
30-Sep-2023,22840.989,101.0211
31-Aug-2023,22840.989,100.8393
31-Jul-2023,22840.989,100.9067
30-Jun-2023,22580.499,100.1196
31-May-2023,22580.499,100.9286
30-Apr-2023,22580.499,101.2530
31-Mar-2023,22439.607,101.0205
28-Feb-2023,22439.607,100.6416
31-Jan-2023,22439.607,100.5050
31-Dec-2022,22278.345,99.7664
30-Nov-2022,22278.345,100.9552
31-Oct-2022,22278.345,101.2529
30-Sep-2022,22125.625,101.2918
31-Aug-2022,22125.625,101.0963
31-Jul-2022,22125.625,101.2230
30-Jun-2022,21967.045,101.0180
31-May-2022,21967.045,101.3335
30-Apr-2022,21967.045,101.4400
31-Mar-2022,21932.710,101.3907
28-Feb-2022,21932.710,100.8064
31-Jan-2022,21932.710,100.1856
31-Dec-2021,21988.737,100.5726
30-Nov-2021,21988.737,100.8654
31-Oct-2021,21988.737,100.1861
30-Sep-2021,21617.828,98.8579
31-Aug-2021,21617.828,100.0437
31-Jul-2021,21617.828,100.2519
30-Jun-2021,21440.929,99.7987
31-May-2021,21440.929,99.4333
30-Apr-2021,21440.929,98.5587
31-Mar-2021,21082.134,98.3856
28-Feb-2021,21082.134,95.6149
31-Jan-2021,21082.134,98.8822
31-Dec-2020,20791.917,98.3630
30-Nov-2020,20791.917,97.0816
31-Oct-2020,20791.917,96.7394
30-Sep-2020,20558.879,95.9669
31-Aug-2020,20558.879,95.9549
31-Jul-2020,20558.879,95.0256
30-Jun-2020,19077.992,91.5934
31-May-2020,19077.992,85.9604
30-Apr-2020,19077.992,84.5619
31-Mar-2020,20709.212,97.4078
29-Feb-2020,20709.212,101.3735
31-Jan-2020,20709.212,101.0338
31-Dec-2019,20985.448,101.7003
30-Nov-2019,20985.448,101.9372
31-Oct-2019,20985.448,101.4281
30-Sep-2019,20843.322,102.2917
31-Aug-2019,20843.322,102.6390
31-Jul-2019,20843.322,101.9408
30-Jun-2019,20602.275,102.4375
31-May-2019,20602.275,102.3920
30-Apr-2019,20602.275,102.2740
31-Mar-2019,20431.641,102.8757
28-Feb-2019,20431.641,102.8371
31-Jan-2019,20431.641,103.4021
31-Dec-2018,20304.874,104.0936
30-Nov-2018,20304.874,104.0681
31-Oct-2018,20304.874,103.9856
30-Sep-2018,20276.154,104.1004
31-Aug-2018,20276.154,104.0327
31-Jul-2018,20276.154,103.3646
30-Jun-2018,20150.476,103.1980
31-May-2018,20150.476,102.4024
30-Apr-2018,20150.476,103.3329
31-Mar-2018,20044.077,102.2067
28-Feb-2018,20044.077,101.7085
31-Jan-2018,20044.077,101.4625
31-Dec-2017,19882.352,101.4644
30-Nov-2017,19882.352,101.2664
31-Oct-2017,19882.352,101.0247
30-Sep-2017,19660.766,99.7954
31-Aug-2017,19660.766,99.6925
31-Jul-2017,19660.766,100.1068
30-Jun-2017,19506.949,100.3471
31-May-2017,19506.949,100.1408
30-Apr-2017,19506.949,100.0224
31-Mar-2017,19398.343,99.0137
28-Feb-2017,19398.343,98.3646
31-Jan-2017,19398.343,98.7611
31-Dec-2016,19304.352,99.0214
30-Nov-2016,19304.352,98.3491
31-Oct-2016,19304.352,98.7611
30-Sep-2016,19197.938,98.7457
31-Aug-2016,19197.938,98.8500
31-Jul-2016,19197.938,98.9992
30-Jun-2016,19062.709,98.8833
31-May-2016,19062.709,98.4184
30-Apr-2016,19062.709,98.6421
31-Mar-2016,19001.690,98.3096
29-Feb-2016,19001.690,99.0445
31-Jan-2016,19001.690,99.5607
31-Dec-2015,18892.206,99.0417
30-Nov-2015,18892.206,99.5298
31-Oct-2015,18892.206,100.2675
30-Sep-2015,18857.418,100.7547
31-Aug-2015,18857.418,101.0367
31-Jul-2015,18857.418,101.2228
30-Jun-2015,18782.243,100.5710
31-May-2015,18782.243,100.8883
30-Apr-2015,18782.243,101.3355
31-Mar-2015,18666.621,101.8914
28-Feb-2015,18666.621,102.2335
31-Jan-2015,18666.621,102.8905
31-Dec-2014,18500.031,103.7044
30-Nov-2014,18500.031,103.7126
31-Oct-2014,18500.031,103.0764
30-Sep-2014,18406.941,103.0641
31-Aug-2014,18406.941,102.7688
31-Jul-2014,18406.941,102.9632
30-Jun-2014,18185.911,102.7350
31-May-2014,18185.911,102.3836
30-Apr-2014,18185.911,101.9928
31-Mar-2014,17953.974,101.8942
28-Feb-2014,17953.974,100.9168
31-Jan-2014,17953.974,100.1599
31-Dec-2013,18016.147,100.5175
30-Nov-2013,18016.147,100.3158
31-Oct-2013,18016.147,100.0820
30-Sep-2013,17860.450,100.1610
31-Aug-2013,17860.450,99.6543
31-Jul-2013,17860.450,99.0814
30-Jun-2013,17709.671,99.3897
31-May-2013,17709.671,99.1839
30-Apr-2013,17709.671,99.1065
31-Mar-2013,17662.400,99.1921
28-Feb-2013,17662.400,98.7941
31-Jan-2013,17662.400,98.3342
31-Dec-2012,17489.852,98.3101
30-Nov-2012,17489.852,98.0777
31-Oct-2012,17489.852,97.7193
30-Sep-2012,17469.650,97.3810
31-Aug-2012,17469.650,97.4525
31-Jul-2012,17469.650,97.8713
30-Jun-2012,17444.525,97.6663
31-May-2012,17444.525,97.6609
30-Apr-2012,17444.525,97.4359
31-Mar-2012,17367.010,96.7400
29-Feb-2012,17367.010,97.2435
31-Jan-2012,17367.010,96.9318
31-Dec-2011,17222.583,96.3571
30-Nov-2011,17222.583,95.8485
31-Oct-2011,17222.583,95.8568
30-Sep-2011,17031.313,95.1961
31-Aug-2011,17031.313,95.2749
31-Jul-2011,17031.313,94.6360
30-Jun-2011,17035.114,94.1720
31-May-2011,17035.114,93.8880
30-Apr-2011,17035.114,93.7749
31-Mar-2011,16920.632,94.0788
28-Feb-2011,16920.632,93.1102
31-Jan-2011,16920.632,93.4814
31-Dec-2010,16960.864,93.6787
30-Nov-2010,16960.864,92.7709
31-Oct-2010,16960.864,92.6903
30-Sep-2010,16872.266,92.9537
31-Aug-2010,16872.266,92.6805
31-Jul-2010,16872.266,92.3421
30-Jun-2010,16743.162,91.9928
31-May-2010,16743.162,91.8230
30-Apr-2010,16743.162,90.5991
31-Mar-2010,16582.710,90.2928
28-Feb-2010,16582.710,89.6779
31-Jan-2010,16582.710,89.3426
31-Dec-2009,16502.754,88.3793
30-Nov-2009,16502.754,88.0221
31-Oct-2009,16502.754,87.6419
30-Sep-2009,16326.281,87.4063
31-Aug-2009,16326.281,86.6426
31-Jul-2009,16326.281,85.7027
30-Jun-2009,16269.145,84.7459
31-May-2009,16269.145,85.0665
30-Apr-2009,16269.145,85.9344
31-Mar-2009,16298.262,86.6528
28-Feb-2009,16298.262,88.0310
31-Jan-2009,16298.262,88.5700
31-Dec-2008,16485.350,90.8357
30-Nov-2008,16485.350,93.4715
31-Oct-2008,16485.350,94.7219
30-Sep-2008,16854.295,93.7895
31-Aug-2008,16854.295,98.1111
31-Jul-2008,16854.295,99.6760
30-Jun-2008,16943.291,100.0335
31-May-2008,16943.291,100.2674
30-Apr-2008,16943.291,100.8785
31-Mar-2008,16843.003,101.5336
29-Feb-2008,16843.003,101.8438
31-Jan-2008,16843.003,102.2448
31-Dec-2007,16915.191,102.3803
30-Nov-2007,16915.191,102.3446
31-Oct-2007,16915.191,101.8015
30-Sep-2007,16809.587,102.0894
31-Aug-2007,16809.587,101.8630
31-Jul-2007,16809.587,101.6672
30-Jun-2007,16713.314,101.7893
31-May-2007,16713.314,101.7306
30-Apr-2007,16713.314,101.6334
31-Mar-2007,16611.690,100.9547
28-Feb-2007,16611.690,100.7753
31-Jan-2007,16611.690,99.8346
31-Dec-2006,16561.866,100.1735
30-Nov-2006,16561.866,99.1627
31-Oct-2006,16561.866,99.2044
30-Sep-2006,16420.738,99.3183
31-Aug-2006,16420.738,99.4836
31-Jul-2006,16420.738,99.0489
30-Jun-2006,16396.151,99.0997
31-May-2006,16396.151,98.7869
30-Apr-2006,16396.151,98.7618
31-Mar-2006,16353.835,98.4628
28-Feb-2006,16353.835,98.2413
31-Jan-2006,16353.835,98.1999
31-Dec-2005,16136.734,98.0452
30-Nov-2005,16136.734,97.5414
31-Oct-2005,16136.734,96.4572
30-Sep-2005,16047.587,95.3005
31-Aug-2005,16047.587,97.1833
31-Jul-2005,16047.587,96.8676
30-Jun-2005,15922.782,97.1753
31-May-2005,15922.782,96.7402
30-Apr-2005,15922.782,96.6532
31-Mar-2005,15844.727,96.4456
28-Feb-2005,15844.727,96.5761
31-Jan-2005,15844.727,95.8801
31-Dec-2004,15670.880,95.5365
30-Nov-2004,15670.880,94.7813
31-Oct-2004,15670.880,94.5465
30-Sep-2004,15512.619,93.7467
31-Aug-2004,15512.619,93.6277
31-Jul-2004,15512.619,93.5649
30-Jun-2004,15366.850,92.8710
31-May-2004,15366.850,93.6013
30-Apr-2004,15366.850,92.9300
31-Mar-2004,15248.680,92.5861
29-Feb-2004,15248.680,92.9580
31-Jan-2004,15248.680,92.4006
31-Dec-2003,15162.760,92.2602
30-Nov-2003,15162.760,92.2329
31-Oct-2003,15162.760,91.6186
30-Sep-2003,14988.782,91.5059
31-Aug-2003,14988.782,90.9197
31-Jul-2003,14988.782,91.1185
30-Jun-2003,14743.567,90.6527
31-May-2003,14743.567,90.5370
30-Apr-2003,14743.567,90.5617
31-Mar-2003,14614.141,91.1044
28-Feb-2003,14614.141,91.3445
31-Jan-2003,14614.141,91.2361
31-Dec-2002,14537.580,90.4652
30-Nov-2002,14537.580,90.9711
31-Oct-2002,14537.580,90.4643
30-Sep-2002,14519.633,90.6531
31-Aug-2002,14519.633,90.5762
31-Jul-2002,14519.633,90.6769
30-Jun-2002,14460.848,90.7061
31-May-2002,14460.848,89.9640
30-Apr-2002,14460.848,89.6040
31-Mar-2002,14372.785,89.1686
28-Feb-2002,14372.785,88.5278
31-Jan-2002,14372.785,88.5176
31-Dec-2001,14253.574,87.9324
30-Nov-2001,14253.574,87.9700
31-Oct-2001,14253.574,88.5052
30-Sep-2001,14214.516,88.7485
31-Aug-2001,14214.516,89.2003
31-Jul-2001,14214.516,89.3028
30-Jun-2001,14271.694,89.8784
31-May-2001,14271.694,90.3555
30-Apr-2001,14271.694,90.7891
31-Mar-2001,14183.120,91.1162
28-Feb-2001,14183.120,91.3034
31-Jan-2001,14183.120,91.9020
31-Dec-2000,14229.765,92.3415
30-Nov-2000,14229.765,92.6438
31-Oct-2000,14229.765,92.6179
30-Sep-2000,14145.312,92.9792
31-Aug-2000,14145.312,92.5521
31-Jul-2000,14145.312,92.8048
30-Jun-2000,14130.908,92.9862
31-May-2000,14130.908,92.9499
30-Apr-2000,14130.908,92.6989
31-Mar-2000,13878.147,92.1504
29-Feb-2000,13878.147,91.8239
31-Jan-2000,13878.147,91.5380
31-Dec-1999,13827.980,91.6634
30-Nov-1999,13827.980,90.9618
31-Oct-1999,13827.980,90.5230
30-Sep-1999,13604.771,89.4299
31-Aug-1999,13604.771,89.7924
31-Jul-1999,13604.771,89.4333
30-Jun-1999,13426.748,88.9188
31-May-1999,13426.748,88.9886
30-Apr-1999,13426.748,88.4295
31-Mar-1999,13315.597,88.2267
28-Feb-1999,13315.597,88.0270
31-Jan-1999,13315.597,87.4949
31-Dec-1998,13191.670,87.1185
30-Nov-1998,13191.670,86.7256
31-Oct-1998,13191.670,86.7914
30-Sep-1998,12982.752,86.2021
31-Aug-1998,12982.752,86.2480
31-Jul-1998,12982.752,84.4986
30-Jun-1998,12821.339,84.8248
31-May-1998,12821.339,85.3367
30-Apr-1998,12821.339,84.7779
31-Mar-1998,12703.742,84.4880
28-Feb-1998,12703.742,84.4583
31-Jan-1998,12703.742,84.3218
31-Dec-1997,12577.495,83.9538
30-Nov-1997,12577.495,83.5978
31-Oct-1997,12577.495,82.9446
30-Sep-1997,12471.010,82.2156
31-Aug-1997,12471.010,81.4694
31-Jul-1997,12471.010,80.6624
30-Jun-1997,12317.221,79.9792
31-May-1997,12317.221,79.6133
30-Apr-1997,12317.221,79.1747
31-Mar-1997,12115.472,79.0820
28-Feb-1997,12115.472,78.5833
31-Jan-1997,12115.472,77.6562
31-Dec-1996,12037.775,77.5333
30-Nov-1996,12037.775,77.0397
31-Oct-1996,12037.775,76.3384
30-Sep-1996,11914.063,76.3158
31-Aug-1996,11914.063,75.8411
31-Jul-1996,11914.063,75.4549
30-Jun-1996,11808.140,75.4433
31-May-1996,11808.140,74.8726
30-Apr-1996,11808.140,74.3172
31-Mar-1996,11614.418,73.5850
29-Feb-1996,11614.418,73.6752
31-Jan-1996,11614.418,72.6125
31-Dec-1995,11528.067,73.0305
30-Nov-1995,11528.067,72.7779
31-Oct-1995,11528.067,72.5866
30-Sep-1995,11450.310,72.7144
31-Aug-1995,11450.310,72.4223
31-Jul-1995,11450.310,71.4748
30-Jun-1995,11353.721,71.7749
31-May-1995,11353.721,71.5378
30-Apr-1995,11353.721,71.1882
31-Mar-1995,11319.951,71.3113
28-Feb-1995,11319.951,71.1930
31-Jan-1995,11319.951,71.2734
31-Dec-1994,11279.932,71.1523
30-Nov-1994,11279.932,70.4326
31-Oct-1994,11279.932,69.9544
30-Sep-1994,11152.176,69.3961
31-Aug-1994,11152.176,69.1785
31-Jul-1994,11152.176,68.7178
30-Jun-1994,11087.361,68.6265
31-May-1994,11087.361,68.1663
30-Apr-1994,11087.361,67.8541
31-Mar-1994,10939.116,67.4552
28-Feb-1994,10939.116,66.7740
31-Jan-1994,10939.116,66.7351
31-Dec-1993,10833.987,66.5436
30-Nov-1993,10833.987,66.1518
31-Oct-1993,10833.987,65.8509
30-Sep-1993,10688.606,65.3717
31-Aug-1993,10688.606,65.0267
31-Jul-1993,10688.606,65.1052
30-Jun-1993,10637.847,64.9301
31-May-1993,10637.847,64.7840
30-Apr-1993,10637.847,65.0301
31-Mar-1993,10576.275,64.8522
28-Feb-1993,10576.275,64.9089
31-Jan-1993,10576.275,64.5978
31-Dec-1992,10558.648,64.3507
30-Nov-1992,10558.648,64.2422
31-Oct-1992,10558.648,63.9995
30-Sep-1992,10449.673,63.5703
31-Aug-1992,10449.673,63.3613
31-Jul-1992,10449.673,63.7176
30-Jun-1992,10347.429,63.1363
31-May-1992,10347.429,63.1040
30-Apr-1992,10347.429,62.8970
31-Mar-1992,10236.435,62.4232
29-Feb-1992,10236.435,61.8955
31-Jan-1992,10236.435,61.4616
31-Dec-1991,10115.329,61.7852
30-Nov-1991,10115.329,62.0871
31-Oct-1991,10115.329,62.1855
30-Sep-1991,10080.195,62.2195
31-Aug-1991,10080.195,61.7298
31-Jul-1991,10080.195,61.7305
30-Jun-1991,10029.510,61.5581
31-May-1991,10029.510,61.0633
30-Apr-1991,10029.510,60.4938
31-Mar-1991,9951.916,60.3346
28-Feb-1991,9951.916,60.6838
31-Jan-1991,9951.916,61.1355
31-Dec-1990,9998.704,61.3352
30-Nov-1990,9998.704,61.7887
31-Oct-1990,9998.704,62.5845
30-Sep-1990,10090.569,62.9523
31-Aug-1990,10090.569,62.9475
31-Jul-1990,10090.569,62.7284
30-Jun-1990,10083.855,62.8382
31-May-1990,10083.855,62.6258
30-Apr-1990,10083.855,62.4359
31-Mar-1990,10047.386,62.5999
28-Feb-1990,10047.386,62.2896
31-Jan-1990,10047.386,61.7290
31-Dec-1989,9938.767,62.0428
30-Nov-1989,9938.767,61.7044
31-Oct-1989,9938.767,61.4966
30-Sep-1989,9919.228,61.5796
31-Aug-1989,9919.228,61.7732
31-Jul-1989,9919.228,61.1738
30-Jun-1989,9846.293,61.7697
31-May-1989,9846.293,61.7744
30-Apr-1989,9846.293,62.1276
31-Mar-1989,9771.725,62.1369
28-Feb-1989,9771.725,61.9819
31-Jan-1989,9771.725,62.2574
31-Dec-1988,9673.405,62.0743
30-Nov-1988,9673.405,61.7944
31-Oct-1988,9673.405,61.6453
30-Sep-1988,9546.206,61.3807
31-Aug-1988,9546.206,61.5731
31-Jul-1988,9546.206,61.2659
30-Jun-1988,9490.594,61.2569
31-May-1988,9490.594,61.0797
30-Apr-1988,9490.594,61.2031
31-Mar-1988,9367.502,60.8501
29-Feb-1988,9367.502,60.7003
31-Jan-1988,9367.502,60.3976
31-Dec-1987,9319.332,60.4095
30-Nov-1987,9319.332,60.0726
31-Oct-1987,9319.332,59.7810
30-Sep-1987,9162.024,58.9951
31-Aug-1987,9162.024,58.7636
31-Jul-1987,9162.024,58.3258
30-Jun-1987,9083.256,57.9307
31-May-1987,9083.256,57.6322
30-Apr-1987,9083.256,57.2701
31-Mar-1987,8986.367,56.9098
28-Feb-1987,8986.367,56.8275
31-Jan-1987,8986.367,56.0882
31-Dec-1986,8920.193,56.2845
30-Nov-1986,8920.193,55.7557
31-Oct-1986,8920.193,55.5332
30-Sep-1986,8872.601,55.2975
31-Aug-1986,8872.601,55.1567
31-Jul-1986,8872.601,55.2592
30-Jun-1986,8788.524,54.9005
31-May-1986,8788.524,55.1226
30-Apr-1986,8788.524,55.0413
31-Mar-1986,8749.127,54.9625
28-Feb-1986,8749.127,55.3568
31-Jan-1986,8749.127,55.7481
31-Dec-1985,8668.188,55.4412
30-Nov-1985,8668.188,54.9124
31-Oct-1985,8668.188,54.7199
30-Sep-1985,8604.220,54.8906
31-Aug-1985,8604.220,54.7055
31-Jul-1985,8604.220,54.5396
30-Jun-1985,8474.787,54.7989
31-May-1985,8474.787,54.8255
30-Apr-1985,8474.787,54.7459
31-Mar-1985,8400.820,54.8653
28-Feb-1985,8400.820,54.7825
31-Jan-1985,8400.820,54.6322
31-Dec-1984,8320.199,54.6416
30-Nov-1984,8320.199,54.6240
31-Oct-1984,8320.199,54.4406
30-Sep-1984,8252.465,54.4466
31-Aug-1984,8252.465,54.6083
31-Jul-1984,8252.465,54.5521
30-Jun-1984,8173.670,54.4014
31-May-1984,8173.670,54.2026
30-Apr-1984,8173.670,53.9100
31-Mar-1984,8034.847,53.5929
29-Feb-1984,8034.847,53.3318
31-Jan-1984,8034.847,53.0985
31-Dec-1983,7880.794,52.0594
30-Nov-1983,7880.794,51.7993
31-Oct-1983,7880.794,51.5693
30-Sep-1983,7719.746,51.1780
31-Aug-1983,7719.746,50.4443
31-Jul-1983,7719.746,49.8546
30-Jun-1983,7568.456,49.1230
31-May-1983,7568.456,48.8239
30-Apr-1983,7568.456,48.5311
31-Mar-1983,7400.066,47.9244
28-Feb-1983,7400.066,47.5233
31-Jan-1983,7400.066,47.8234
31-Dec-1982,7303.817,46.9485
30-Nov-1982,7303.817,47.2830
31-Oct-1982,7303.817,47.4371
30-Sep-1982,7300.896,47.9008
31-Aug-1982,7300.896,48.0192
31-Jul-1982,7300.896,48.4616
30-Jun-1982,7328.912,48.6214
31-May-1982,7328.912,48.7483
30-Apr-1982,7328.912,49.0750
31-Mar-1982,7295.631,49.5323
28-Feb-1982,7295.631,49.8636
31-Jan-1982,7295.631,48.8685
31-Dec-1981,7410.768,49.8987
30-Nov-1981,7410.768,50.4350
31-Oct-1981,7410.768,51.0281
30-Sep-1981,7492.405,51.4337
31-Aug-1981,7492.405,51.6826
31-Jul-1981,7492.405,51.7471
30-Jun-1981,7403.745,51.4101
31-May-1981,7403.745,51.1495
30-Apr-1981,7403.745,50.8580
31-Mar-1981,7459.022,51.0826
28-Feb-1981,7459.022,50.8240
31-Jan-1981,7459.022,51.0415
31-Dec-1980,7315.677,51.3708
30-Nov-1980,7315.677,51.0311
31-Oct-1980,7315.677,50.1908
30-Sep-1980,7181.743,49.5608
31-Aug-1980,7181.743,48.7563
31-Jul-1980,7181.743,48.6039
30-Jun-1980,7190.289,48.9482
31-May-1980,7190.289,49.5890
30-Apr-1980,7190.289,50.8397
31-Mar-1980,7341.557,51.8700
29-Feb-1980,7341.557,52.0820
31-Jan-1980,7341.557,52.0679
31-Dec-1979,7318.535,51.7878
30-Nov-1979,7318.535,51.7531
31-Oct-1979,7318.535,51.8334
30-Sep-1979,7300.281,51.4597
31-Aug-1979,7300.281,51.4684
31-Jul-1979,7300.281,51.8097
30-Jun-1979,7246.454,51.8965
31-May-1979,7246.454,51.8856
30-Apr-1979,7246.454,51.4193
31-Mar-1979,7238.727,52.0446
28-Feb-1979,7238.727,51.8752
31-Jan-1979,7238.727,51.6278
31-Dec-1978,7225.750,51.9090
30-Nov-1978,7225.750,51.6514
31-Oct-1978,7225.750,51.2559
30-Sep-1978,7129.915,50.8744
31-Aug-1978,7129.915,50.7458
31-Jul-1978,7129.915,50.5384
30-Jun-1978,7058.920,50.5801
31-May-1978,7058.920,50.2540
30-Apr-1978,7058.920,50.0206
31-Mar-1978,6796.260,49.0265
28-Feb-1978,6796.260,48.1044
31-Jan-1978,6796.260,47.8481
31-Dec-1977,6774.592,48.5629
30-Nov-1977,6774.592,48.4761
31-Oct-1977,6774.592,48.3871
30-Sep-1977,6774.457,48.3189
31-Aug-1977,6774.457,48.1205
31-Jul-1977,6774.457,48.0730
30-Jun-1977,6654.466,48.0116
31-May-1977,6654.466,47.6411
30-Apr-1977,6654.466,47.2684
31-Mar-1977,6527.703,46.8185
28-Feb-1977,6527.703,46.2277
31-Jan-1977,6527.703,45.5087
31-Dec-1976,6451.177,45.8294
30-Nov-1976,6451.177,45.3392
31-Oct-1976,6451.177,44.6585
30-Sep-1976,6404.895,44.6721
31-Aug-1976,6404.895,44.5182
31-Jul-1976,6404.895,44.2141
30-Jun-1976,6370.025,43.9637
31-May-1976,6370.025,43.9186
30-Apr-1976,6370.025,43.7327
31-Mar-1976,6323.649,43.5168
29-Feb-1976,6323.649,43.4229
31-Jan-1976,6323.649,43.0012
31-Dec-1975,6184.530,42.4414
30-Nov-1975,6184.530,41.8697
31-Oct-1975,6184.530,41.8135
30-Sep-1975,6102.326,41.6304
31-Aug-1975,6102.326,41.0998
31-Jul-1975,6102.326,40.6994
30-Jun-1975,5999.610,40.2772
31-May-1975,5999.610,40.0253
30-Apr-1975,5999.610,40.1573
31-Mar-1975,5957.035,40.0638
28-Feb-1975,5957.035,40.5165
31-Jan-1975,5957.035,41.4676
31-Dec-1974,6030.464,42.0533
30-Nov-1974,6030.464,43.6278
31-Oct-1974,6030.464,45.1133
30-Sep-1974,6053.978,45.2365
31-Aug-1974,6053.978,45.2366
31-Jul-1974,6053.978,45.7221
30-Jun-1974,6111.751,45.6238
31-May-1974,6111.751,45.7044
30-Apr-1974,6111.751,45.3451
31-Mar-1974,6097.258,45.4777
28-Feb-1974,6097.258,45.4759
31-Jan-1974,6097.258,45.6204
31-Dec-1973,6150.131,45.9230
30-Nov-1973,6150.131,46.0553
31-Oct-1973,6150.131,45.8470
30-Sep-1973,6092.301,45.4624
31-Aug-1973,6092.301,45.1019
31-Jul-1973,6092.301,45.1636
30-Jun-1973,6124.506,45.0035
31-May-1973,6124.506,44.9429
30-Apr-1973,6124.506,44.6387
31-Mar-1973,6058.544,44.7045
28-Feb-1973,6058.544,44.6827
31-Jan-1973,6058.544,44.0529
31-Dec-1972,5912.220,43.7367
30-Nov-1972,5912.220,43.2548
31-Oct-1972,5912.220,42.7494
30-Sep-1972,5814.854,42.2132
31-Aug-1972,5814.854,41.8790
31-Jul-1972,5814.854,41.3035
30-Jun-1972,5760.470,41.3497
31-May-1972,5760.470,41.2405
30-Apr-1972,5760.470,41.2348
31-Mar-1972,5632.649,40.8263
29-Feb-1972,5632.649,40.5459
31-Jan-1972,5632.649,40.1408
31-Dec-1971,5531.032,39.2035
30-Nov-1971,5531.032,38.7561
31-Oct-1971,5531.032,38.5924
30-Sep-1971,5518.072,38.3056
31-Aug-1971,5518.072,37.6930
31-Jul-1971,5518.072,37.9131
30-Jun-1971,5473.059,38.0234
31-May-1971,5473.059,37.8646
30-Apr-1971,5473.059,37.6735
31-Mar-1971,5443.619,37.4631
28-Feb-1971,5443.619,37.5037
31-Jan-1971,5443.619,37.5753
31-Dec-1970,5299.672,37.2885
30-Nov-1970,5299.672,36.4514
31-Oct-1970,5299.672,36.6735
30-Sep-1970,5357.077,37.4221
31-Aug-1970,5357.077,37.6818
31-Jul-1970,5357.077,37.7491
30-Jun-1970,5308.164,37.6567
31-May-1970,5308.164,37.7789
30-Apr-1970,5308.164,37.8230
31-Mar-1970,5300.652,37.9205
28-Feb-1970,5300.652,37.9698
31-Jan-1970,5300.652,37.9948
31-Dec-1969,5308.556,38.7116
30-Nov-1969,5308.556,38.8158
31-Oct-1969,5308.556,39.1852
30-Sep-1969,5334.600,39.1737
31-Aug-1969,5334.600,39.1825
31-Jul-1969,5334.600,39.0927
30-Jun-1969,5299.625,38.8874
31-May-1969,5299.625,38.5111
30-Apr-1969,5299.625,38.6573
31-Mar-1969,5283.597,38.8000
28-Feb-1969,5283.597,38.4981
31-Jan-1969,5283.597,38.2533
31-Dec-1968,5202.212,38.0233
30-Nov-1968,5202.212,37.9036
31-Oct-1968,5202.212,37.4196
30-Sep-1968,5181.859,37.3454
31-Aug-1968,5181.859,37.2045
31-Jul-1968,5181.859,37.1010
30-Jun-1968,5142.033,37.1580
31-May-1968,5142.033,37.0220
30-Apr-1968,5142.033,36.6113
31-Mar-1968,5057.553,36.5584
29-Feb-1968,5057.553,36.4446
31-Jan-1968,5057.553,36.3145
31-Dec-1967,4956.477,36.3536
30-Nov-1967,4956.477,35.9663
31-Oct-1967,4956.477,35.4591
30-Sep-1967,4919.392,35.1727
31-Aug-1967,4919.392,35.2299
31-Jul-1967,4919.392,34.5676
30-Jun-1967,4873.287,34.6465
31-May-1967,4873.287,34.6508
30-Apr-1967,4873.287,34.9558
31-Mar-1967,4870.299,34.6292
28-Feb-1967,4870.299,34.8255
31-Jan-1967,4870.299,35.2250
31-Dec-1966,4827.537,35.0596
30-Nov-1966,4827.537,34.9788
31-Oct-1966,4827.537,35.2212
30-Sep-1966,4788.254,34.9789
31-Aug-1966,4788.254,34.6557
31-Jul-1966,4788.254,34.6288
30-Jun-1966,4748.046,34.4403
31-May-1966,4748.046,34.2787
30-Apr-1966,4748.046,33.9556
31-Mar-1966,4731.888,33.9018
28-Feb-1966,4731.888,33.4440
31-Jan-1966,4731.888,33.2286
31-Dec-1965,4619.458,32.9054
30-Nov-1965,4619.458,32.5015
31-Oct-1965,4619.458,32.3669
30-Sep-1965,4515.427,32.0438
31-Aug-1965,4515.427,31.9630
31-Jul-1965,4515.427,31.8283
30-Jun-1965,4417.225,31.5321
31-May-1965,4417.225,31.2898
30-Apr-1965,4417.225,31.0474
31-Mar-1965,4362.111,30.9128
28-Feb-1965,4362.111,30.5089
31-Jan-1965,4362.111,30.3204
31-Dec-1964,4259.046,29.9973
30-Nov-1964,4259.046,29.6472
31-Oct-1964,4259.046,28.7586
30-Sep-1964,4245.918,29.1625
31-Aug-1964,4245.918,29.0548
31-Jul-1964,4245.918,28.8663
30-Jun-1964,4180.592,28.6778
31-May-1964,4180.592,28.5970
30-Apr-1964,4180.592,28.4355
31-Mar-1964,4135.553,27.9777
29-Feb-1964,4135.553,27.9777
31-Jan-1964,4135.553,27.7892
31-Dec-1963,4050.147,27.5469
30-Nov-1963,4050.147,27.6007
31-Oct-1963,4050.147,27.4661
30-Sep-1963,4023.755,27.2776
31-Aug-1963,4023.755,27.0083
31-Jul-1963,4023.755,26.9545
30-Jun-1963,3937.183,27.0622
31-May-1963,3937.183,26.9814
30-Apr-1963,3937.183,26.6582
31-Mar-1963,3893.482,26.4159
28-Feb-1963,3893.482,26.2544
31-Jan-1963,3893.482,25.9581
31-Dec-1962,3851.421,25.7696
30-Nov-1962,3851.421,25.7696
31-Oct-1962,3851.421,25.6619
30-Sep-1962,3838.776,25.6350
31-Aug-1962,3838.776,25.4734
31-Jul-1962,3838.776,25.4465
30-Jun-1962,3792.149,25.2042
31-May-1962,3792.149,25.2580
30-Apr-1962,3792.149,25.2850
31-Mar-1962,3758.147,25.2311
28-Feb-1962,3758.147,25.0964
31-Jan-1962,3758.147,24.6925
31-Dec-1961,3692.289,24.9080
30-Nov-1961,3692.289,24.6926
31-Oct-1961,3692.289,24.3156
30-Sep-1961,3621.252,23.8578
31-Aug-1961,3621.252,23.8847
31-Jul-1961,3621.252,23.6693
30-Jun-1961,3553.021,23.4000
31-May-1961,3553.021,23.0769
30-Apr-1961,3553.021,22.7268
31-Mar-1961,3493.703,22.2691
28-Feb-1961,3493.703,22.1344
31-Jan-1961,3493.703,22.1613
31-Dec-1960,3470.278,22.1344
30-Nov-1960,3470.278,22.5653
31-Oct-1960,3470.278,22.8884
30-Sep-1960,3515.385,22.9153
31-Aug-1960,3515.385,23.1577
31-Jul-1960,3515.385,23.1846
30-Jun-1960,3498.246,23.2654
31-May-1960,3498.246,23.5616
30-Apr-1960,3498.246,23.5885
31-Mar-1960,3517.181,23.7770
29-Feb-1960,3517.181,23.9924
31-Jan-1960,3517.181,24.2078
31-Dec-1959,3439.832,23.5885
30-Nov-1959,3439.832,22.2152
31-Oct-1959,3439.832,22.0806
30-Sep-1959,3430.057,22.2421
31-Aug-1959,3430.057,22.2691
31-Jul-1959,3430.057,23.0500
30-Jun-1959,3427.667,23.6155
31-May-1959,3427.667,23.5885
30-Apr-1959,3427.667,23.2384
31-Mar-1959,3352.129,22.7538
28-Feb-1959,3352.129,22.4306
31-Jan-1959,3352.129,21.9998
31-Dec-1958,3289.032,21.6767
30-Nov-1958,3289.032,21.6497
31-Oct-1958,3289.032,21.0304
30-Sep-1958,3213.884,20.7881
31-Aug-1958,3213.884,20.5995
31-Jul-1958,3213.884,20.1956
30-Jun-1958,3141.224,19.8994
31-May-1958,3141.224,19.3878
30-Apr-1958,3141.224,19.1993
31-Mar-1958,3120.724,19.5225
28-Feb-1958,3120.724,19.7648
31-Jan-1958,3120.724,20.1956
31-Dec-1957,3203.894,20.5726
30-Nov-1957,3203.894,20.9765
31-Oct-1957,3203.894,21.4882
30-Sep-1957,3237.386,21.8113
31-Aug-1957,3237.386,21.9998
31-Jul-1957,3237.386,21.9998
30-Jun-1957,3205.970,21.8652
31-May-1957,3205.970,21.8113
30-Apr-1957,3205.970,21.8921
31-Mar-1957,3213.011,22.1883
28-Feb-1957,3213.011,22.2152
31-Jan-1957,3213.011,21.9998
31-Dec-1956,3192.570,22.0806
30-Nov-1956,3192.570,21.7574
31-Oct-1956,3192.570,21.9459
30-Sep-1956,3140.874,21.7574
31-Aug-1956,3140.874,21.2727
31-Jul-1956,3140.874,20.4380
30-Jun-1956,3143.694,21.0843
31-May-1956,3143.694,21.2728
30-Apr-1956,3143.694,21.4612
31-Mar-1956,3117.922,21.2997
29-Feb-1956,3117.922,21.2997
31-Jan-1956,3117.922,21.4882
31-Dec-1955,3130.068,21.3535
30-Nov-1955,3130.068,21.2727
31-Oct-1955,3130.068,21.2189
30-Sep-1955,3111.379,20.8688
31-Aug-1955,3111.379,20.7342
31-Jul-1955,3111.379,20.7611
30-Jun-1955,3069.910,20.5996
31-May-1955,3069.910,20.5726
30-Apr-1955,3069.910,20.2495
31-Mar-1955,3020.746,20.0071
28-Feb-1955,3020.746,19.5494
31-Jan-1955,3020.746,19.3070
31-Dec-1954,2936.852,18.8762
30-Nov-1954,2936.852,18.6338
31-Oct-1954,2936.852,18.3377
30-Sep-1954,2880.482,18.1222
31-Aug-1954,2880.482,18.0953
31-Jul-1954,2880.482,18.1222
30-Jun-1954,2848.305,18.0953
31-May-1954,2848.305,18.0414
30-Apr-1954,2848.305,17.9337
31-Mar-1954,2845.192,18.0414
28-Feb-1954,2845.192,18.1492
31-Jan-1954,2845.192,18.0953
31-Dec-1953,2858.845,18.2299
30-Nov-1953,2858.845,18.6877
31-Oct-1953,2858.845,19.1455
30-Sep-1953,2902.785,19.3070
31-Aug-1953,2902.785,19.7109
31-Jul-1953,2902.785,19.8187
30-Jun-1953,2919.206,19.5763
31-May-1953,2919.206,19.6571
30-Apr-1953,2919.206,19.5494
31-Mar-1953,2896.811,19.4686
28-Feb-1953,2896.811,19.3070
31-Jan-1953,2896.811,19.1993
31-Dec-1952,2843.941,19.1455
30-Nov-1952,2843.941,19.0378
31-Oct-1952,2843.941,18.6608
30-Sep-1952,2753.517,18.4723
31-Aug-1952,2753.517,17.8260
31-Jul-1952,2753.517,16.7489
30-Jun-1952,2733.800,17.0182
31-May-1952,2733.800,17.1798
30-Apr-1952,2733.800,17.3413
31-Mar-1952,2727.954,17.5029
29-Feb-1952,2727.954,17.4490
31-Jan-1952,2727.954,17.3413
31-Dec-1951,2699.156,17.1528
30-Nov-1951,2699.156,17.0451
31-Oct-1951,2699.156,16.9105
30-Sep-1951,2693.259,16.9374
31-Aug-1951,2693.259,16.8297
31-Jul-1951,2693.259,16.9913
30-Jun-1951,2638.898,17.2605
31-May-1951,2638.898,17.3413
30-Apr-1951,2638.898,17.3952
31-Mar-1951,2593.967,17.3682
28-Feb-1951,2593.967,17.2875
31-Jan-1951,2593.967,17.1797
31-Dec-1950,2559.214,17.1259
30-Nov-1950,2559.214,16.8297
31-Oct-1950,2559.214,16.8566
30-Sep-1950,2511.127,16.7489
31-Aug-1950,2511.127,16.8566
31-Jul-1950,2511.127,16.3450
30-Jun-1950,2417.682,15.8334
31-May-1950,2417.682,15.3756
30-Apr-1950,2417.682,15.0255
31-Mar-1950,2346.104,14.5409
28-Feb-1950,2346.104,14.0831
31-Jan-1950,2346.104,14.0292
31-Dec-1949,2257.352,13.7869
30-Nov-1949,2257.352,13.5446
31-Oct-1949,2257.352,13.1945
30-Sep-1949,2276.424,13.7061
31-Aug-1949,2276.424,13.5715
31-Jul-1949,2276.424,13.4368
30-Jun-1949,2253.128,13.4638
31-May-1949,2253.128,13.4907
30-Apr-1949,2253.128,13.6792
31-Mar-1949,2260.807,13.7600
28-Feb-1949,2260.807,14.0292
31-Jan-1949,2260.807,14.1639
31-Dec-1948,2292.364,14.2985
30-Nov-1948,2292.364,14.4332
31-Oct-1948,2292.364,14.6217
30-Sep-1948,2289.770,14.5139
31-Aug-1948,2289.770,14.6216
31-Jul-1948,2289.770,14.6755
30-Jun-1948,2276.690,14.6755
31-May-1948,2276.690,14.4870
30-Apr-1948,2276.690,14.2447
31-Mar-1948,2239.682,14.2177
29-Feb-1948,2239.682,14.3793
31-Jan-1948,2239.682,14.3524
31-Dec-1947,2206.452,14.2716
30-Nov-1947,2206.452,14.2177
31-Oct-1947,2206.452,14.0292
30-Sep-1947,2172.432,13.8946
31-Aug-1947,2172.432,13.7869
31-Jul-1947,2172.432,13.7061
30-Jun-1947,2176.892,13.7869
31-May-1947,2176.892,13.7869
30-Apr-1947,2176.892,13.7330
31-Mar-1947,2182.681,13.8407
28-Feb-1947,2182.681,13.7600
31-Jan-1947,2182.681,13.6792
