Date,S&P 500 Daily Log Return (percent)
19-Apr-2016,0.307976
20-Apr-2016,0.076132
21-Apr-2016,-0.520760
22-Apr-2016,0.004781
25-Apr-2016,-0.181367
26-Apr-2016,0.187104
27-Apr-2016,0.164802
28-Apr-2016,-0.927371
29-Apr-2016,-0.507594
02-May-2016,0.777966
03-May-2016,-0.871459
04-May-2016,-0.595458
05-May-2016,-0.023892
06-May-2016,0.316961
09-May-2016,0.075319
10-May-2016,1.240639
11-May-2016,-0.960756
12-May-2016,-0.016955
13-May-2016,-0.851437
16-May-2016,0.974901
17-May-2016,-0.945589
18-May-2016,0.020514
19-May-2016,-0.371361
20-May-2016,0.600145
23-May-2016,-0.208762
24-May-2016,1.358863
25-May-2016,0.695054
26-May-2016,-0.021049
27-May-2016,0.427771
31-May-2016,-0.100095
01-Jun-2016,0.112957
02-Jun-2016,0.282073
03-Jun-2016,-0.291600
06-Jun-2016,0.488531
07-Jun-2016,0.128863
08-Jun-2016,0.330399
09-Jun-2016,-0.171917
10-Jun-2016,-0.921757
13-Jun-2016,-0.814829
14-Jun-2016,-0.180051
15-Jun-2016,-0.184238
16-Jun-2016,0.312810
17-Jun-2016,-0.326327
20-Jun-2016,0.579137
21-Jun-2016,0.270844
22-Jun-2016,-0.165295
23-Jun-2016,1.327551
24-Jun-2016,-3.658078
27-Jun-2016,-1.826225
28-Jun-2016,1.761416
29-Jun-2016,1.688922
30-Jun-2016,1.347382
01-Jul-2016,0.194678
05-Jul-2016,-0.687108
06-Jul-2016,0.533872
07-Jul-2016,-0.087192
08-Jul-2016,1.513819
11-Jul-2016,0.340281
12-Jul-2016,0.698485
13-Jul-2016,0.013474
14-Jul-2016,0.524539
15-Jul-2016,-0.092937
18-Jul-2016,0.237951
19-Jul-2016,-0.143627
20-Jul-2016,0.426121
21-Jul-2016,-0.361902
22-Jul-2016,0.454358
25-Jul-2016,-0.301600
26-Jul-2016,0.032275
27-Jul-2016,-0.119933
28-Jul-2016,0.160493
29-Jul-2016,0.162996
01-Aug-2016,-0.127059
02-Aug-2016,-0.638191
03-Aug-2016,0.312904
04-Aug-2016,0.021257
05-Aug-2016,0.856664
08-Aug-2016,-0.090747
09-Aug-2016,0.038967
10-Aug-2016,-0.286880
11-Aug-2016,0.472339
12-Aug-2016,-0.079637
15-Aug-2016,0.278908
16-Aug-2016,-0.549414
17-Aug-2016,0.186681
18-Aug-2016,0.219718
19-Aug-2016,-0.144135
22-Aug-2016,-0.056338
23-Aug-2016,0.194986
24-Aug-2016,-0.525407
25-Aug-2016,-0.136617
26-Aug-2016,-0.158010
29-Aug-2016,0.521450
30-Aug-2016,-0.195570
31-Aug-2016,-0.237861
01-Sep-2016,-0.004146
02-Sep-2016,0.419230
06-Sep-2016,0.297724
07-Sep-2016,-0.014636
08-Sep-2016,-0.222555
09-Sep-2016,-2.482775
12-Sep-2016,1.457040
13-Sep-2016,-1.494174
14-Sep-2016,-0.058785
15-Sep-2016,1.005852
16-Sep-2016,-0.377938
19-Sep-2016,-0.001870
20-Sep-2016,0.029914
21-Sep-2016,1.085795
22-Sep-2016,0.647884
23-Sep-2016,-0.575330
26-Sep-2016,-0.862492
27-Sep-2016,0.642357
28-Sep-2016,0.528249
29-Sep-2016,-0.936502
30-Sep-2016,0.793633
03-Oct-2016,-0.326599
04-Oct-2016,-0.496790
05-Oct-2016,0.428749
06-Oct-2016,0.048143
07-Oct-2016,-0.325877
10-Oct-2016,0.459537
11-Oct-2016,-1.252461
12-Oct-2016,0.114596
13-Oct-2016,-0.310413
14-Oct-2016,0.020162
17-Oct-2016,-0.304263
18-Oct-2016,0.614146
19-Oct-2016,0.218960
20-Oct-2016,-0.137669
21-Oct-2016,-0.008406
24-Oct-2016,0.473852
25-Oct-2016,-0.380488
26-Oct-2016,-0.174194
27-Oct-2016,-0.299125
28-Oct-2016,-0.311308
31-Oct-2016,-0.012228
01-Nov-2016,-0.681005
02-Nov-2016,-0.654687
03-Nov-2016,-0.443320
04-Nov-2016,-0.166753
07-Nov-2016,2.198016
08-Nov-2016,0.376486
09-Nov-2016,1.101614
10-Nov-2016,0.194886
11-Nov-2016,-0.139891
14-Nov-2016,-0.011551
15-Nov-2016,0.745298
16-Nov-2016,-0.158354
17-Nov-2016,0.466539
18-Nov-2016,-0.238955
21-Nov-2016,0.743369
22-Nov-2016,0.216309
23-Nov-2016,0.080768
25-Nov-2016,0.390669
28-Nov-2016,-0.526833
29-Nov-2016,0.133443
30-Nov-2016,-0.265700
01-Dec-2016,-0.352173
02-Dec-2016,0.039699
05-Dec-2016,0.580442
06-Dec-2016,0.340508
07-Dec-2016,1.307731
08-Dec-2016,0.215708
09-Dec-2016,0.592138
12-Dec-2016,-0.113805
13-Dec-2016,0.651848
14-Dec-2016,-0.815032
15-Dec-2016,0.387571
16-Dec-2016,-0.175217
19-Dec-2016,0.197319
20-Dec-2016,0.363092
21-Dec-2016,-0.246035
22-Dec-2016,-0.186472
23-Dec-2016,0.125090
27-Dec-2016,0.224592
28-Dec-2016,-0.839166
29-Dec-2016,-0.029339
30-Dec-2016,-0.464787
03-Jan-2017,0.845077
04-Jan-2017,0.570600
05-Jan-2017,-0.077097
06-Jan-2017,0.351080
09-Jan-2017,-0.355487
10-Jan-2017,0.000000
11-Jan-2017,0.282557
12-Jan-2017,-0.214706
13-Jan-2017,0.184815
17-Jan-2017,-0.297191
18-Jan-2017,0.176220
19-Jan-2017,-0.361586
20-Jan-2017,0.336053
23-Jan-2017,-0.269370
24-Jan-2017,0.654309
25-Jan-2017,0.799403
26-Jan-2017,-0.073557
27-Jan-2017,-0.086684
30-Jan-2017,-0.602766
31-Jan-2017,-0.089040
01-Feb-2017,0.029835
02-Feb-2017,0.057013
03-Feb-2017,0.723857
06-Feb-2017,-0.211766
07-Feb-2017,0.022679
08-Feb-2017,0.069315
09-Feb-2017,0.573598
10-Feb-2017,0.355972
13-Feb-2017,0.523218
14-Feb-2017,0.399929
15-Feb-2017,0.497992
16-Feb-2017,-0.086448
17-Feb-2017,0.167717
21-Feb-2017,0.602986
22-Feb-2017,-0.108286
23-Feb-2017,0.041890
24-Feb-2017,0.149224
27-Feb-2017,0.101750
28-Feb-2017,-0.258166
01-Mar-2017,1.358118
02-Mar-2017,-0.587710
03-Mar-2017,0.050367
06-Mar-2017,-0.328260
07-Mar-2017,-0.291756
08-Mar-2017,-0.228687
09-Mar-2017,0.079952
10-Mar-2017,0.326335
13-Mar-2017,0.036662
14-Mar-2017,-0.338474
15-Mar-2017,0.833985
16-Mar-2017,-0.162798
17-Mar-2017,-0.131523
20-Mar-2017,-0.201190
21-Mar-2017,-1.248562
22-Mar-2017,0.188813
23-Mar-2017,-0.106084
24-Mar-2017,-0.084436
27-Mar-2017,-0.102015
28-Mar-2017,0.722532
29-Mar-2017,0.108481
30-Mar-2017,0.293074
31-Mar-2017,-0.225756
03-Apr-2017,-0.164352
04-Apr-2017,0.055944
05-Apr-2017,-0.305955
06-Apr-2017,0.192763
07-Apr-2017,-0.082749
10-Apr-2017,0.068750
11-Apr-2017,-0.143496
12-Apr-2017,-0.376700
13-Apr-2017,-0.683803
17-Apr-2017,0.857644
18-Apr-2017,-0.290757
19-Apr-2017,-0.171782
20-Apr-2017,0.752878
21-Apr-2017,-0.303963
24-Apr-2017,1.078175
25-Apr-2017,0.607213
26-Apr-2017,-0.048576
27-Apr-2017,0.055274
28-Apr-2017,-0.191495
01-May-2017,0.173074
02-May-2017,0.118841
03-May-2017,-0.127215
04-May-2017,0.058188
05-May-2017,0.408035
08-May-2017,0.003751
09-May-2017,-0.102579
10-May-2017,0.112998
11-May-2017,-0.216518
12-May-2017,-0.147952
15-May-2017,0.476507
16-May-2017,-0.068707
17-May-2017,-1.834551
18-May-2017,0.368006
19-May-2017,0.674470
22-May-2017,0.514685
23-May-2017,0.183623
24-May-2017,0.248605
25-May-2017,0.443204
26-May-2017,0.031050
30-May-2017,-0.120529
31-May-2017,-0.046013
01-Jun-2017,0.754259
02-Jun-2017,0.370087
05-Jun-2017,-0.121842
06-Jun-2017,-0.278290
07-Jun-2017,0.156711
08-Jun-2017,0.026711
09-Jun-2017,-0.083033
12-Jun-2017,-0.097919
13-Jun-2017,0.450127
14-Jun-2017,-0.099625
15-Jun-2017,-0.224213
16-Jun-2017,0.028362
19-Jun-2017,0.831256
20-Jun-2017,-0.671919
21-Jun-2017,-0.058285
22-Jun-2017,-0.045584
23-Jun-2017,0.155968
26-Jun-2017,0.031574
27-Jun-2017,-0.810551
28-Jun-2017,0.876948
29-Jun-2017,-0.863722
30-Jun-2017,0.153207
03-Jul-2017,0.230813
05-Jul-2017,0.145221
06-Jul-2017,-0.941297
07-Jul-2017,0.638274
10-Jul-2017,0.092734
11-Jul-2017,-0.078303
12-Jul-2017,0.727906
13-Jul-2017,0.187280
14-Jul-2017,0.466264
17-Jul-2017,-0.005286
18-Jul-2017,0.059759
19-Jul-2017,0.535827
20-Jul-2017,-0.015362
21-Jul-2017,-0.036797
24-Jul-2017,-0.106425
25-Jul-2017,0.291892
26-Jul-2017,0.028255
27-Jul-2017,-0.097310
28-Jul-2017,-0.134209
31-Jul-2017,-0.072839
01-Aug-2017,0.244610
02-Aug-2017,0.049254
03-Aug-2017,-0.218598
04-Aug-2017,0.188725
07-Aug-2017,0.164591
08-Aug-2017,-0.241736
09-Aug-2017,-0.036371
10-Aug-2017,-1.458019
11-Aug-2017,0.127471
14-Aug-2017,0.999364
15-Aug-2017,-0.049894
16-Aug-2017,0.141910
17-Aug-2017,-1.555730
18-Aug-2017,-0.183707
21-Aug-2017,0.116195
22-Aug-2017,0.989174
23-Aug-2017,-0.345958
24-Aug-2017,-0.207659
25-Aug-2017,0.167144
28-Aug-2017,0.048698
29-Aug-2017,0.084244
30-Aug-2017,0.460452
31-Aug-2017,0.570475
01-Sep-2017,0.198052
05-Sep-2017,-0.757948
06-Sep-2017,0.312387
07-Sep-2017,-0.017848
08-Sep-2017,-0.148989
11-Sep-2017,1.078090
12-Sep-2017,0.335835
13-Sep-2017,0.075678
14-Sep-2017,-0.110132
15-Sep-2017,0.184553
18-Sep-2017,0.145481
19-Sep-2017,0.110967
20-Sep-2017,0.063411
21-Sep-2017,-0.305061
22-Sep-2017,0.064763
25-Sep-2017,-0.222450
26-Sep-2017,0.007209
27-Sep-2017,0.407684
28-Sep-2017,0.120388
29-Sep-2017,0.369824
02-Oct-2017,0.386652
03-Oct-2017,0.215653
04-Oct-2017,0.124598
05-Oct-2017,0.563087
06-Oct-2017,-0.107422
09-Oct-2017,-0.180603
10-Oct-2017,0.231975
11-Oct-2017,0.180184
12-Oct-2017,-0.168815
13-Oct-2017,0.087773
16-Oct-2017,0.174923
17-Oct-2017,0.067227
18-Oct-2017,0.074210
19-Oct-2017,0.032791
20-Oct-2017,0.510385
23-Oct-2017,-0.398040
24-Oct-2017,0.161664
25-Oct-2017,-0.467396
26-Oct-2017,0.127014
27-Oct-2017,0.804055
30-Oct-2017,-0.319758
31-Oct-2017,0.094404
01-Nov-2017,0.159081
02-Nov-2017,0.018995
03-Nov-2017,0.309229
06-Nov-2017,0.127052
07-Nov-2017,-0.018912
08-Nov-2017,0.144262
09-Nov-2017,-0.376907
10-Nov-2017,-0.089802
13-Nov-2017,0.098314
14-Nov-2017,-0.231229
15-Nov-2017,-0.554100
16-Nov-2017,0.816274
17-Nov-2017,-0.262950
20-Nov-2017,0.127495
21-Nov-2017,0.651979
22-Nov-2017,-0.075056
24-Nov-2017,0.205404
27-Nov-2017,-0.038433
28-Nov-2017,0.980029
29-Nov-2017,-0.036931
30-Nov-2017,0.815758
01-Dec-2017,-0.202654
04-Dec-2017,-0.105270
05-Dec-2017,-0.374644
06-Dec-2017,-0.011409
07-Dec-2017,0.292808
08-Dec-2017,0.549119
11-Dec-2017,0.319685
12-Dec-2017,0.154768
13-Dec-2017,-0.047307
14-Dec-2017,-0.407913
15-Dec-2017,0.893430
18-Dec-2017,0.534853
19-Dec-2017,-0.323552
20-Dec-2017,-0.082825
21-Dec-2017,0.198366
22-Dec-2017,-0.045828
26-Dec-2017,-0.105894
27-Dec-2017,0.079058
28-Dec-2017,0.183235
29-Dec-2017,-0.519666
02-Jan-2018,0.826910
03-Jan-2018,0.637843
04-Jan-2018,0.402057
05-Jan-2018,0.700918
08-Jan-2018,0.166094
09-Jan-2018,0.130206
10-Jan-2018,-0.111282
11-Jan-2018,0.700900
12-Jan-2018,0.672695
16-Jan-2018,-0.353069
17-Jan-2018,0.937096
18-Jan-2018,-0.161769
19-Jan-2018,0.437564
22-Jan-2018,0.803439
23-Jan-2018,0.217204
24-Jan-2018,-0.056019
25-Jan-2018,0.060245
26-Jan-2018,1.177160
29-Jan-2018,-0.675471
30-Jan-2018,-1.095861
31-Jan-2018,0.048882
01-Feb-2018,-0.064827
02-Feb-2018,-2.143665
05-Feb-2018,-4.184256
06-Feb-2018,1.729059
07-Feb-2018,-0.501415
08-Feb-2018,-3.825909
09-Feb-2018,1.482563
12-Feb-2018,1.381868
13-Feb-2018,0.260954
14-Feb-2018,1.331346
15-Feb-2018,1.199684
16-Feb-2018,0.037339
20-Feb-2018,-0.585853
21-Feb-2018,-0.551169
22-Feb-2018,0.097312
23-Feb-2018,1.590125
26-Feb-2018,1.168842
27-Feb-2018,-1.278829
28-Feb-2018,-1.115782
01-Mar-2018,-1.341391
02-Mar-2018,0.505876
05-Mar-2018,1.097164
06-Mar-2018,0.263532
07-Mar-2018,-0.048397
08-Mar-2018,0.445318
09-Mar-2018,1.722951
12-Mar-2018,-0.127478
13-Mar-2018,-0.638392
14-Mar-2018,-0.574094
15-Mar-2018,-0.078227
16-Mar-2018,0.170202
19-Mar-2018,-1.430601
20-Mar-2018,0.148070
21-Mar-2018,-0.184569
22-Mar-2018,-2.548489
23-Mar-2018,-2.118983
26-Mar-2018,2.679503
27-Mar-2018,-1.742731
28-Mar-2018,-0.292087
29-Mar-2018,1.367573
02-Apr-2018,-2.259059
03-Apr-2018,1.253593
04-Apr-2018,1.150011
05-Apr-2018,0.683937
06-Apr-2018,-2.216402
09-Apr-2018,0.333102
10-Apr-2018,1.658852
11-Apr-2018,-0.554062
12-Apr-2018,0.821688
13-Apr-2018,-0.289082
16-Apr-2018,0.807632
17-Apr-2018,1.060514
18-Apr-2018,0.083102
19-Apr-2018,-0.574258
20-Apr-2018,-0.857318
23-Apr-2018,0.005618
24-Apr-2018,-1.347090
25-Apr-2018,0.183543
26-Apr-2018,1.038013
27-Apr-2018,0.111302
30-Apr-2018,-0.822124
01-May-2018,0.254580
02-May-2018,-0.723190
03-May-2018,-0.225624
04-May-2018,1.272983
07-May-2018,0.345200
08-May-2018,-0.026569
09-May-2018,0.963560
10-May-2018,0.932700
11-May-2018,0.170618
14-May-2018,0.088313
15-May-2018,-0.686568
16-May-2018,0.405234
17-May-2018,-0.085621
18-May-2018,-0.263570
21-May-2018,0.735959
22-May-2018,-0.314066
23-May-2018,0.324311
24-May-2018,-0.202525
25-May-2018,-0.236003
29-May-2018,-1.163158
30-May-2018,1.261591
31-May-2018,-0.690334
01-Jun-2018,1.079076
04-Jun-2018,0.446960
05-Jun-2018,0.070237
06-Jun-2018,0.853088
07-Jun-2018,-0.071445
08-Jun-2018,0.312106
11-Jun-2018,0.106815
12-Jun-2018,0.174183
13-Jun-2018,-0.403418
14-Jun-2018,0.246846
15-Jun-2018,-0.101759
18-Jun-2018,-0.212842
19-Jun-2018,-0.403155
20-Jun-2018,0.171070
21-Jun-2018,-0.636571
22-Jun-2018,0.186025
25-Jun-2018,-1.381979
26-Jun-2018,0.220215
27-Jun-2018,-0.864152
28-Jun-2018,0.615962
29-Jun-2018,0.075809
02-Jul-2018,0.306332
03-Jul-2018,-0.495963
05-Jul-2018,0.858381
06-Jul-2018,0.844553
09-Jul-2018,0.878434
10-Jul-2018,0.346719
11-Jul-2018,-0.711946
12-Jul-2018,0.871098
13-Jul-2018,0.107865
16-Jul-2018,-0.102862
17-Jul-2018,0.396578
18-Jul-2018,0.215816
19-Jul-2018,-0.396078
20-Jul-2018,-0.094893
23-Jul-2018,0.183640
24-Jul-2018,0.476955
25-Jul-2018,0.906038
26-Jul-2018,-0.303686
27-Jul-2018,-0.658388
30-Jul-2018,-0.577080
31-Jul-2018,0.487286
01-Aug-2018,-0.104092
02-Aug-2018,0.491440
03-Aug-2018,0.463339
06-Aug-2018,0.353205
07-Aug-2018,0.282018
08-Aug-2018,-0.026241
09-Aug-2018,-0.144276
10-Aug-2018,-0.713930
13-Aug-2018,-0.401400
14-Aug-2018,0.636892
15-Aug-2018,-0.763126
16-Aug-2018,0.788828
17-Aug-2018,0.331763
20-Aug-2018,0.242502
21-Aug-2018,0.206643
22-Aug-2018,-0.039827
23-Aug-2018,-0.169266
24-Aug-2018,0.617972
27-Aug-2018,0.764112
28-Aug-2018,0.026923
29-Aug-2018,0.568524
30-Aug-2018,-0.444012
31-Aug-2018,0.013442
04-Sep-2018,-0.165568
05-Sep-2018,-0.280711
06-Sep-2018,-0.365897
07-Sep-2018,-0.221576
10-Sep-2018,0.189605
11-Sep-2018,0.373286
12-Sep-2018,0.035660
13-Sep-2018,0.526835
14-Sep-2018,0.027543
17-Sep-2018,-0.558531
18-Sep-2018,0.535465
19-Sep-2018,0.125252
20-Sep-2018,0.781000
21-Sep-2018,-0.036857
24-Sep-2018,-0.352195
25-Sep-2018,-0.130593
26-Sep-2018,-0.329467
27-Sep-2018,0.275947
28-Sep-2018,-0.000686
01-Oct-2018,0.363446
02-Oct-2018,-0.039672
03-Oct-2018,0.071124
04-Oct-2018,-0.820307
05-Oct-2018,-0.554330
08-Oct-2018,-0.039515
09-Oct-2018,-0.141896
10-Oct-2018,-3.341633
11-Oct-2018,-2.078765
12-Oct-2018,1.410632
15-Oct-2018,-0.592254
16-Oct-2018,2.126787
17-Oct-2018,-0.025271
18-Oct-2018,-1.449652
19-Oct-2018,-0.036124
22-Oct-2018,-0.430874
23-Oct-2018,-0.552710
24-Oct-2018,-3.135083
25-Oct-2018,1.845373
26-Oct-2018,-1.747909
29-Oct-2018,-0.658123
30-Oct-2018,1.554537
31-Oct-2018,1.079284
01-Nov-2018,1.050245
02-Nov-2018,-0.633670
05-Nov-2018,0.558469
06-Nov-2018,0.623983
07-Nov-2018,2.098710
08-Nov-2018,-0.251213
09-Nov-2018,-0.924156
12-Nov-2018,-1.989814
13-Nov-2018,-0.148300
14-Nov-2018,-0.759624
15-Nov-2018,1.053808
16-Nov-2018,0.222081
19-Nov-2018,-1.678315
20-Nov-2018,-1.831796
21-Nov-2018,0.303865
23-Nov-2018,-0.657647
26-Nov-2018,1.541302
27-Nov-2018,0.325640
28-Nov-2018,2.271401
29-Nov-2018,-0.220011
30-Nov-2018,0.815220
03-Dec-2018,1.088193
04-Dec-2018,-3.290021
06-Dec-2018,-0.152335
07-Dec-2018,-2.359638
10-Dec-2018,0.176064
11-Dec-2018,-0.035643
12-Dec-2018,0.540486
13-Dec-2018,-0.019994
14-Dec-2018,-1.927118
17-Dec-2018,-2.099228
18-Dec-2018,0.008641
19-Dec-2018,-1.551548
20-Dec-2018,-1.589779
21-Dec-2018,-2.080320
24-Dec-2018,-2.748657
26-Dec-2018,4.840324
27-Dec-2018,0.852618
28-Dec-2018,-0.124232
31-Dec-2018,0.845658
02-Jan-2019,0.126772
03-Jan-2019,-2.506828
04-Jan-2019,3.375938
07-Jan-2019,0.698598
08-Jan-2019,0.964860
09-Jan-2019,0.408965
10-Jan-2019,0.450827
11-Jan-2019,-0.014635
14-Jan-2019,-0.527143
15-Jan-2019,1.066464
16-Jan-2019,0.221950
17-Jan-2019,0.756278
18-Jan-2019,1.309691
22-Jan-2019,-1.425845
23-Jan-2019,0.220047
24-Jan-2019,0.137473
25-Jan-2019,0.845289
28-Jan-2019,-0.787781
29-Jan-2019,-0.145727
30-Jan-2019,1.542959
31-Jan-2019,0.856063
01-Feb-2019,0.089823
04-Feb-2019,0.675335
05-Feb-2019,0.469743
06-Feb-2019,-0.222697
07-Feb-2019,-0.940117
08-Feb-2019,0.067603
11-Feb-2019,0.070879
12-Feb-2019,1.280788
13-Feb-2019,0.301941
14-Feb-2019,-0.265515
15-Feb-2019,1.081996
19-Feb-2019,0.149765
20-Feb-2019,0.177555
21-Feb-2019,-0.353264
22-Feb-2019,0.639062
25-Feb-2019,0.123104
26-Feb-2019,-0.079070
27-Feb-2019,-0.054419
28-Feb-2019,-0.282955
01-Mar-2019,0.687167
04-Mar-2019,-0.388815
05-Mar-2019,-0.113212
06-Mar-2019,-0.654549
07-Mar-2019,-0.815890
08-Mar-2019,-0.213401
11-Mar-2019,1.455954
12-Mar-2019,0.294898
13-Mar-2019,0.692558
14-Mar-2019,-0.086842
15-Mar-2019,0.497252
18-Mar-2019,0.369911
19-Mar-2019,-0.013061
20-Mar-2019,-0.294867
21-Mar-2019,1.079405
22-Mar-2019,-1.915685
25-Mar-2019,-0.083943
26-Mar-2019,0.715711
27-Mar-2019,-0.465520
28-Mar-2019,0.358312
29-Mar-2019,0.671172
01-Apr-2019,1.150218
02-Apr-2019,0.001744
03-Apr-2019,0.214610
04-Apr-2019,0.208247
05-Apr-2019,0.462568
08-Apr-2019,0.104690
09-Apr-2019,-0.608595
10-Apr-2019,0.347183
11-Apr-2019,0.003809
12-Apr-2019,0.658763
15-Apr-2019,-0.062962
16-Apr-2019,0.050924
17-Apr-2019,-0.227636
18-Apr-2019,0.157782
22-Apr-2019,0.101153
23-Apr-2019,0.880236
24-Apr-2019,-0.219419
25-Apr-2019,-0.036902
26-Apr-2019,0.467436
29-Apr-2019,0.107090
30-Apr-2019,0.095095
01-May-2019,-0.753041
02-May-2019,-0.212626
03-May-2019,0.959217
06-May-2019,-0.448104
07-May-2019,-1.664952
08-May-2019,-0.160667
09-May-2019,-0.302602
10-May-2019,0.371342
13-May-2019,-2.442654
14-May-2019,0.798406
15-May-2019,0.582198
16-May-2019,0.885592
17-May-2019,-0.585442
20-May-2019,-0.677224
21-May-2019,0.845990
22-May-2019,-0.282836
23-May-2019,-1.198568
24-May-2019,0.135262
28-May-2019,-0.841089
29-May-2019,-0.693596
30-May-2019,0.209624
31-May-2019,-1.328319
03-Jun-2019,-0.276903
04-Jun-2019,2.120590
05-Jun-2019,0.812877
06-Jun-2019,0.611681
07-Jun-2019,1.044295
10-Jun-2019,0.464926
11-Jun-2019,-0.034994
12-Jun-2019,-0.203970
13-Jun-2019,0.408908
14-Jun-2019,-0.161284
17-Jun-2019,0.093134
18-Jun-2019,0.967046
19-Jun-2019,0.298073
20-Jun-2019,0.942762
21-Jun-2019,-0.126003
24-Jun-2019,-0.173343
25-Jun-2019,-0.954170
26-Jun-2019,-0.123475
27-Jun-2019,0.381592
28-Jun-2019,0.574091
01-Jul-2019,0.764300
02-Jul-2019,0.292387
03-Jul-2019,0.764308
05-Jul-2019,-0.180748
08-Jul-2019,-0.484719
09-Jul-2019,0.123582
10-Jul-2019,0.450048
11-Jul-2019,0.228267
12-Jul-2019,0.460950
15-Jul-2019,0.017584
16-Jul-2019,-0.340958
17-Jul-2019,-0.655263
18-Jul-2019,0.357554
19-Jul-2019,-0.619589
22-Jul-2019,0.282473
23-Jul-2019,0.682416
24-Jul-2019,0.467716
25-Jul-2019,-0.527625
26-Jul-2019,0.736047
29-Jul-2019,-0.161738
30-Jul-2019,-0.258197
31-Jul-2019,-1.094519
01-Aug-2019,-0.903959
02-Aug-2019,-0.730939
05-Aug-2019,-3.023016
06-Aug-2019,1.293301
07-Aug-2019,0.076660
08-Aug-2019,1.858843
09-Aug-2019,-0.663853
12-Aug-2019,-1.202965
13-Aug-2019,1.465413
14-Aug-2019,-2.973036
15-Aug-2019,0.246124
16-Aug-2019,1.432312
19-Aug-2019,1.203319
20-Aug-2019,-0.794625
21-Aug-2019,0.821301
22-Aug-2019,-0.050621
23-Aug-2019,-2.628894
26-Aug-2019,1.092319
27-Aug-2019,-0.320833
28-Aug-2019,0.652414
29-Aug-2019,1.260744
30-Aug-2019,0.064262
03-Sep-2019,-0.692303
04-Sep-2019,1.078372
05-Sep-2019,1.292592
06-Sep-2019,0.091020
09-Sep-2019,-0.009400
10-Sep-2019,0.032227
11-Sep-2019,0.720366
12-Sep-2019,0.287497
13-Sep-2019,-0.072462
16-Sep-2019,-0.314054
17-Sep-2019,0.257843
18-Sep-2019,0.034262
19-Sep-2019,0.001996
20-Sep-2019,-0.490761
23-Sep-2019,-0.009693
24-Sep-2019,-0.845201
25-Sep-2019,0.613968
26-Sep-2019,-0.243187
27-Sep-2019,-0.533051
30-Sep-2019,0.503493
01-Oct-2019,-1.233413
02-Oct-2019,-1.806544
03-Oct-2019,0.794038
04-Oct-2019,1.411674
07-Oct-2019,-0.448836
08-Oct-2019,-1.568317
09-Oct-2019,0.906335
10-Oct-2019,0.639521
11-Oct-2019,1.087953
14-Oct-2019,-0.138804
15-Oct-2019,0.990644
16-Oct-2019,-0.200155
17-Oct-2019,0.275902
18-Oct-2019,-0.392705
21-Oct-2019,0.684811
22-Oct-2019,-0.357506
23-Oct-2019,0.284309
24-Oct-2019,0.191860
25-Oct-2019,0.406443
28-Oct-2019,0.556586
29-Oct-2019,-0.083274
30-Oct-2019,0.324805
31-Oct-2019,-0.302745
01-Nov-2019,0.961598
04-Nov-2019,0.369721
05-Nov-2019,-0.118643
06-Nov-2019,0.070228
07-Nov-2019,0.272641
08-Nov-2019,0.255736
11-Nov-2019,-0.196437
12-Nov-2019,0.156340
13-Nov-2019,0.071130
14-Nov-2019,0.083674
15-Nov-2019,0.766600
18-Nov-2019,0.050300
19-Nov-2019,-0.059274
20-Nov-2019,-0.376327
21-Nov-2019,-0.158403
22-Nov-2019,0.217257
25-Nov-2019,0.747930
26-Nov-2019,0.219312
27-Nov-2019,0.416578
29-Nov-2019,-0.401932
02-Dec-2019,-0.866853
03-Dec-2019,-0.666017
04-Dec-2019,0.630364
05-Dec-2019,0.149915
06-Dec-2019,0.909425
09-Dec-2019,-0.316785
10-Dec-2019,-0.109755
11-Dec-2019,0.290398
12-Dec-2019,0.853861
13-Dec-2019,0.007259
16-Dec-2019,0.712239
17-Dec-2019,0.033521
18-Dec-2019,-0.043235
19-Dec-2019,0.444931
20-Dec-2019,0.493264
23-Dec-2019,0.086576
24-Dec-2019,-0.019543
26-Dec-2019,0.511505
27-Dec-2019,0.003395
30-Dec-2019,-0.579760
31-Dec-2019,0.294169
02-Jan-2020,0.834387
03-Jan-2020,-0.708491
06-Jan-2020,0.352717
07-Jan-2020,-0.280714
08-Jan-2020,0.489044
09-Jan-2020,0.663324
10-Jan-2020,-0.285931
13-Jan-2020,0.695206
14-Jan-2020,-0.151569
15-Jan-2020,0.186841
16-Jan-2020,0.833174
17-Jan-2020,0.385471
21-Jan-2020,-0.265548
22-Jan-2020,0.028905
23-Jan-2020,0.114031
24-Jan-2020,-0.908327
27-Jan-2020,-1.585573
28-Jan-2020,1.000335
29-Jan-2020,-0.086722
30-Jan-2020,0.312945
31-Jan-2020,-1.786448
03-Feb-2020,0.722846
04-Feb-2020,1.486927
05-Feb-2020,1.118782
06-Feb-2020,0.332013
07-Feb-2020,-0.541547
10-Feb-2020,0.729965
11-Feb-2020,0.168707
12-Feb-2020,0.644187
13-Feb-2020,-0.163177
14-Feb-2020,0.184184
18-Feb-2020,-0.292425
19-Feb-2020,0.469479
20-Feb-2020,-0.382284
21-Feb-2020,-1.057382
24-Feb-2020,-3.408805
25-Feb-2020,-3.074793
26-Feb-2020,-0.378568
27-Feb-2020,-4.516817
28-Feb-2020,-0.827245
02-Mar-2020,4.501087
03-Mar-2020,-2.851053
04-Mar-2020,4.133635
05-Mar-2020,-3.451073
06-Mar-2020,-1.720100
09-Mar-2020,-7.901039
10-Mar-2020,4.821508
11-Mar-2020,-5.010286
12-Mar-2020,-9.994485
13-Mar-2020,8.880836
16-Mar-2020,-12.765214
17-Mar-2020,5.822629
18-Mar-2020,-5.322234
19-Mar-2020,0.469685
20-Mar-2020,-4.432763
23-Mar-2020,-2.973149
24-Mar-2020,8.968316
25-Mar-2020,1.146900
26-Mar-2020,6.054383
27-Mar-2020,-3.426781
30-Mar-2020,3.296662
31-Mar-2020,-1.614238
01-Apr-2020,-4.514633
02-Apr-2020,2.257270
03-Apr-2020,-1.525286
06-Apr-2020,6.796823
07-Apr-2020,-0.160433
08-Apr-2020,3.348935
09-Apr-2020,1.438344
13-Apr-2020,-1.015599
14-Apr-2020,3.011450
15-Apr-2020,-2.227675
16-Apr-2020,0.579986
17-Apr-2020,2.644093
20-Apr-2020,-1.804279
21-Apr-2020,-3.115517
22-Apr-2020,2.267130
23-Apr-2020,-0.053956
24-Apr-2020,1.382211
27-Apr-2020,1.460687
28-Apr-2020,-0.525614
29-Apr-2020,2.623666
30-Apr-2020,-0.925512
01-May-2020,-2.846022
04-May-2020,0.424081
05-May-2020,0.899995
06-May-2020,-0.700387
07-May-2020,1.143895
08-May-2020,1.673076
11-May-2020,0.017747
12-May-2020,-2.075779
13-May-2020,-1.761696
14-May-2020,1.145892
15-May-2020,0.391869
18-May-2020,3.101522
19-May-2020,-1.053976
20-May-2020,1.651393
21-May-2020,-0.780394
22-May-2020,0.235097
26-May-2020,1.221426
27-May-2020,1.471849
28-May-2020,-0.211017
29-May-2020,0.480077
01-Jun-2020,0.374424
02-Jun-2020,0.817728
03-Jun-2020,1.355666
04-Jun-2020,-0.337438
05-Jun-2020,2.587407
08-Jun-2020,1.196967
09-Jun-2020,-0.782976
10-Jun-2020,-0.532724
11-Jun-2020,-6.075276
12-Jun-2020,1.297630
15-Jun-2020,0.827785
16-Jun-2020,1.878488
17-Jun-2020,-0.360680
18-Jun-2020,0.059401
19-Jun-2020,-0.566548
22-Jun-2020,0.647406
23-Jun-2020,0.429819
24-Jun-2020,-2.619528
25-Jun-2020,1.089985
26-Jun-2020,-2.452522
29-Jun-2020,1.457891
30-Jun-2020,1.529233
01-Jul-2020,0.500954
02-Jul-2020,0.453100
06-Jul-2020,1.575694
07-Jul-2020,-1.087751
08-Jul-2020,0.779703
09-Jul-2020,-0.565963
10-Jul-2020,1.041181
13-Jul-2020,-0.940662
14-Jul-2020,1.331729
15-Jul-2020,0.904104
16-Jul-2020,-0.341192
17-Jul-2020,0.284459
20-Jul-2020,0.837176
21-Jul-2020,0.167764
22-Jul-2020,0.573064
23-Jul-2020,-1.239635
24-Jul-2020,-0.620963
27-Jul-2020,0.736792
28-Jul-2020,-0.649444
29-Jul-2020,1.235178
30-Jul-2020,-0.375731
31-Jul-2020,0.764119
03-Aug-2020,0.715537
04-Aug-2020,0.360545
05-Aug-2020,0.640916
06-Aug-2020,0.640716
07-Aug-2020,0.063279
10-Aug-2020,0.273848
11-Aug-2020,-0.800105
12-Aug-2020,1.389946
13-Aug-2020,-0.204922
14-Aug-2020,-0.017195
17-Aug-2020,0.270621
18-Aug-2020,0.230073
19-Aug-2020,-0.441414
20-Aug-2020,0.315368
21-Aug-2020,0.343523
24-Aug-2020,0.999358
25-Aug-2020,0.358987
26-Aug-2020,1.014404
27-Aug-2020,0.167163
28-Aug-2020,0.671001
31-Aug-2020,-0.219739
01-Sep-2020,0.749688
02-Sep-2020,1.524900
03-Sep-2020,-3.575759
04-Sep-2020,-0.816625
08-Sep-2020,-2.814887
09-Sep-2020,1.994480
10-Sep-2020,-1.774124
11-Sep-2020,0.053292
14-Sep-2020,1.266131
15-Sep-2020,0.520581
16-Sep-2020,-0.462966
17-Sep-2020,-0.844796
18-Sep-2020,-1.124557
21-Sep-2020,-1.163859
22-Sep-2020,1.046301
23-Sep-2020,-2.400729
24-Sep-2020,0.298295
25-Sep-2020,1.585048
28-Sep-2020,1.598215
29-Sep-2020,-0.482424
30-Sep-2020,0.821983
01-Oct-2020,0.527894
02-Oct-2020,-0.961780
05-Oct-2020,1.781589
06-Oct-2020,-1.408678
07-Oct-2020,1.725605
08-Oct-2020,0.797525
09-Oct-2020,0.875227
12-Oct-2020,1.628538
13-Oct-2020,-0.632688
14-Oct-2020,-0.664517
15-Oct-2020,-0.152897
16-Oct-2020,0.013492
19-Oct-2020,-1.646462
20-Oct-2020,0.471614
21-Oct-2020,-0.219810
22-Oct-2020,0.520537
23-Oct-2020,0.343987
26-Oct-2020,-1.876450
27-Oct-2020,-0.303019
28-Oct-2020,-3.592557
29-Oct-2020,1.187650
30-Oct-2020,-1.220367
02-Nov-2020,1.224294
03-Nov-2020,1.764276
04-Nov-2020,2.180752
05-Nov-2020,1.927326
06-Nov-2020,-0.028775
09-Nov-2020,1.163196
10-Nov-2020,-0.140078
11-Nov-2020,0.762276
12-Nov-2020,-1.002868
13-Nov-2020,1.351858
16-Nov-2020,1.158073
17-Nov-2020,-0.480348
18-Nov-2020,-1.163121
19-Nov-2020,0.393865
20-Nov-2020,-0.681572
23-Nov-2020,0.562009
24-Nov-2020,1.603251
25-Nov-2020,-0.158567
27-Nov-2020,0.239406
30-Nov-2020,-0.460608
01-Dec-2020,1.120812
02-Dec-2020,0.178955
03-Dec-2020,-0.062434
04-Dec-2020,0.879742
07-Dec-2020,-0.193747
08-Dec-2020,0.278326
09-Dec-2020,-0.798098
10-Dec-2020,-0.128594
11-Dec-2020,-0.126576
14-Dec-2020,-0.436880
15-Dec-2020,1.283845
16-Dec-2020,0.177128
17-Dec-2020,0.574113
18-Dec-2020,-0.351728
21-Dec-2020,-0.391393
22-Dec-2020,-0.207527
23-Dec-2020,0.074553
24-Dec-2020,0.353034
28-Dec-2020,0.868469
29-Dec-2020,-0.222985
30-Dec-2020,0.134065
31-Dec-2020,0.641820
04-Jan-2021,-1.486472
05-Jan-2021,0.705758
06-Jan-2021,0.569366
07-Jan-2021,1.473822
08-Jan-2021,0.547687
11-Jan-2021,-0.657637
12-Jan-2021,0.041575
13-Jan-2021,0.227302
14-Jan-2021,-0.376050
15-Jan-2021,-0.721599
19-Jan-2021,0.810348
20-Jan-2021,1.383937
21-Jan-2021,0.031668
22-Jan-2021,-0.301513
25-Jan-2021,0.360928
26-Jan-2021,-0.148995
27-Jan-2021,-2.601329
28-Jan-2021,0.971333
29-Jan-2021,-1.950041
01-Feb-2021,1.592427
02-Feb-2021,1.380254
03-Feb-2021,0.100830
04-Feb-2021,1.079483
05-Feb-2021,0.388990
08-Feb-2021,0.737211
09-Feb-2021,-0.111412
10-Feb-2021,-0.034522
11-Feb-2021,0.166107
12-Feb-2021,0.469992
16-Feb-2021,-0.056944
17-Feb-2021,-0.032045
18-Feb-2021,-0.442559
19-Feb-2021,-0.185662
22-Feb-2021,-0.776290
23-Feb-2021,0.125550
24-Feb-2021,1.128772
25-Feb-2021,-2.478343
26-Feb-2021,-0.476148
01-Mar-2021,2.351213
02-Mar-2021,-0.811367
03-Mar-2021,-1.315232
04-Mar-2021,-1.350804
05-Mar-2021,1.930836
08-Mar-2021,-0.537368
09-Mar-2021,1.405544
10-Mar-2021,0.601217
11-Mar-2021,1.034182
12-Mar-2021,0.101488
15-Mar-2021,0.647098
16-Mar-2021,-0.157092
17-Mar-2021,0.287521
18-Mar-2021,-1.487052
19-Mar-2021,-0.060292
22-Mar-2021,0.700056
23-Mar-2021,-0.766010
24-Mar-2021,-0.548230
25-Mar-2021,0.522655
26-Mar-2021,1.649441
29-Mar-2021,-0.086840
30-Mar-2021,-0.316282
31-Mar-2021,0.361599
01-Apr-2021,1.175577
05-Apr-2021,1.433504
06-Apr-2021,-0.097401
07-Apr-2021,0.147414
08-Apr-2021,0.421176
09-Apr-2021,0.769032
12-Apr-2021,-0.019620
13-Apr-2021,0.328917
14-Apr-2021,-0.409618
15-Apr-2021,1.103316
16-Apr-2021,0.360225
19-Apr-2021,-0.532058
20-Apr-2021,-0.682560
21-Apr-2021,0.926303
22-Apr-2021,-0.925335
23-Apr-2021,1.086942
26-Apr-2021,0.178064
27-Apr-2021,-0.021494
28-Apr-2021,-0.084589
29-Apr-2021,0.674003
30-Apr-2021,-0.722064
03-May-2021,0.274427
04-May-2021,-0.670074
05-May-2021,0.070329
06-May-2021,0.813223
07-May-2021,0.734630
10-May-2021,-1.049050
11-May-2021,-0.871173
12-May-2021,-2.168277
13-May-2021,1.209965
14-May-2021,1.480776
17-May-2021,-0.253324
18-May-2021,-0.855378
19-May-2021,-0.294778
20-May-2021,1.049944
21-May-2021,-0.078413
24-May-2021,0.986251
25-May-2021,-0.212756
26-May-2021,0.187497
27-May-2021,0.116472
28-May-2021,0.076859
01-Jun-2021,-0.049250
02-Jun-2021,0.144587
03-Jun-2021,-0.363530
04-Jun-2021,0.879529
07-Jun-2021,-0.079703
08-Jun-2021,0.017507
09-Jun-2021,-0.182554
10-Jun-2021,0.464137
11-Jun-2021,0.194659
14-Jun-2021,0.181357
15-Jun-2021,-0.201371
16-Jun-2021,-0.540479
17-Jun-2021,-0.043573
18-Jun-2021,-1.321143
21-Jun-2021,1.390520
22-Jun-2021,0.511143
23-Jun-2021,-0.108385
24-Jun-2021,0.579434
25-Jun-2021,0.332507
28-Jun-2021,0.231237
29-Jun-2021,0.027731
30-Jun-2021,0.132723
01-Jul-2021,0.520805
02-Jul-2021,0.747212
06-Jul-2021,-0.202395
07-Jul-2021,0.335338
08-Jul-2021,-0.859787
09-Jul-2021,1.121483
12-Jul-2021,0.344521
13-Jul-2021,-0.352303
14-Jul-2021,0.116429
15-Jul-2021,-0.326757
16-Jul-2021,-0.756750
19-Jul-2021,-1.599680
20-Jul-2021,1.504885
21-Jul-2021,0.820807
22-Jul-2021,0.201463
23-Jul-2021,1.009432
26-Jul-2021,0.237942
27-Jul-2021,-0.472362
28-Jul-2021,-0.018632
29-Jul-2021,0.419739
30-Jul-2021,-0.542068
02-Aug-2021,-0.184459
03-Aug-2021,0.817002
04-Aug-2021,-0.464321
05-Aug-2021,0.598750
06-Aug-2021,0.167388
09-Aug-2021,-0.094037
10-Aug-2021,0.099221
11-Aug-2021,0.246498
12-Aug-2021,0.294774
13-Aug-2021,0.160603
16-Aug-2021,0.261743
17-Aug-2021,-0.708577
18-Aug-2021,-1.080664
19-Aug-2021,0.125595
20-Aug-2021,0.810858
23-Aug-2021,0.848770
24-Aug-2021,0.149458
25-Aug-2021,0.221767
26-Aug-2021,-0.584196
27-Aug-2021,0.876905
30-Aug-2021,0.429734
31-Aug-2021,-0.135006
01-Sep-2021,0.031171
02-Sep-2021,0.283853
03-Sep-2021,-0.033508
07-Sep-2021,-0.340127
08-Sep-2021,-0.131945
09-Sep-2021,-0.461624
10-Sep-2021,-0.775262
13-Sep-2021,0.227392
14-Sep-2021,-0.576317
15-Sep-2021,0.843821
16-Sep-2021,-0.155230
17-Sep-2021,-0.915268
20-Sep-2021,-1.712302
21-Sep-2021,-0.081268
22-Sep-2021,0.947454
23-Sep-2021,1.206172
24-Sep-2021,0.145994
27-Sep-2021,-0.278022
28-Sep-2021,-2.057432
29-Sep-2021,0.156794
30-Sep-2021,-1.198122
01-Oct-2021,1.142595
04-Oct-2021,-1.307093
05-Oct-2021,1.046946
06-Oct-2021,0.409449
07-Oct-2021,0.826405
08-Oct-2021,-0.191557
11-Oct-2021,-0.688946
12-Oct-2021,-0.241970
13-Oct-2021,0.301798
14-Oct-2021,1.691917
15-Oct-2021,0.743244
18-Oct-2021,0.336912
19-Oct-2021,0.736616
20-Oct-2021,0.365732
21-Oct-2021,0.299143
22-Oct-2021,-0.107315
25-Oct-2021,0.473694
26-Oct-2021,0.181813
27-Oct-2021,-0.506440
28-Oct-2021,0.978134
29-Oct-2021,0.194745
01-Nov-2021,0.179845
02-Nov-2021,0.367361
03-Nov-2021,0.644051
04-Nov-2021,0.417317
05-Nov-2021,0.372591
08-Nov-2021,0.088731
09-Nov-2021,-0.350487
10-Nov-2021,-0.825983
11-Nov-2021,0.055078
12-Nov-2021,0.719668
15-Nov-2021,-0.001068
16-Nov-2021,0.385776
17-Nov-2021,-0.260502
18-Nov-2021,0.337904
19-Nov-2021,-0.139963
22-Nov-2021,-0.320225
23-Nov-2021,0.165571
24-Nov-2021,0.229127
26-Nov-2021,-2.298704
29-Nov-2021,1.311386
30-Nov-2021,-1.914338
01-Dec-2021,-1.188555
02-Dec-2021,1.409463
03-Dec-2021,-0.848447
06-Dec-2021,1.166266
07-Dec-2021,2.049559
08-Dec-2021,0.308054
09-Dec-2021,-0.720704
10-Dec-2021,0.950381
13-Dec-2021,-0.917820
14-Dec-2021,-0.749864
15-Dec-2021,1.621621
16-Dec-2021,-0.878183
17-Dec-2021,-1.034101
20-Dec-2021,-1.145337
21-Dec-2021,1.762176
22-Dec-2021,1.012871
23-Dec-2021,0.620442
27-Dec-2021,1.374407
28-Dec-2021,-0.101070
29-Dec-2021,0.140092
30-Dec-2021,-0.299422
31-Dec-2021,-0.262968
03-Jan-2022,0.635385
04-Jan-2022,-0.062982
05-Jan-2022,-1.958327
06-Jan-2022,-0.096418
07-Jan-2022,-0.405844
10-Jan-2022,-0.144212
11-Jan-2022,0.911833
12-Jan-2022,0.281373
13-Jan-2022,-1.434596
14-Jan-2022,0.081958
18-Jan-2022,-1.855905
19-Jan-2022,-0.973677
20-Jan-2022,-1.109879
21-Jan-2022,-1.909599
24-Jan-2022,0.276792
25-Jan-2022,-1.224666
26-Jan-2022,-0.149775
27-Jan-2022,-0.539854
28-Jan-2022,2.405589
31-Jan-2022,1.870989
01-Feb-2022,0.683951
02-Feb-2022,0.937843
03-Feb-2022,-2.469348
04-Feb-2022,0.514371
07-Feb-2022,-0.370865
08-Feb-2022,0.836613
09-Feb-2022,1.441281
10-Feb-2022,-1.828180
11-Feb-2022,-1.915170
14-Feb-2022,-0.384794
15-Feb-2022,1.564374
16-Feb-2022,0.088083
17-Feb-2022,-2.140050
18-Feb-2022,-0.719204
22-Feb-2022,-1.019465
23-Feb-2022,-1.858379
24-Feb-2022,1.484606
25-Feb-2022,2.212615
28-Feb-2022,-0.244560
01-Mar-2022,-1.559443
02-Mar-2022,1.847098
03-Mar-2022,-0.526857
04-Mar-2022,-0.796566
07-Mar-2022,-2.996252
08-Mar-2022,-0.726013
09-Mar-2022,2.537367
10-Mar-2022,-0.430108
11-Mar-2022,-1.304629
14-Mar-2022,-0.744863
15-Mar-2022,2.118255
16-Mar-2022,2.213700
17-Mar-2022,1.227219
18-Mar-2022,1.159477
21-Mar-2022,-0.043477
22-Mar-2022,1.124077
23-Mar-2022,-1.234871
24-Mar-2022,1.424203
25-Mar-2022,0.505340
28-Mar-2022,0.711956
29-Mar-2022,1.218203
30-Mar-2022,-0.631361
31-Mar-2022,-1.577633
01-Apr-2022,0.340449
04-Apr-2022,0.805832
05-Apr-2022,-1.263116
06-Apr-2022,-0.976439
07-Apr-2022,0.424435
08-Apr-2022,-0.265451
11-Apr-2022,-1.702133
12-Apr-2022,-0.342339
13-Apr-2022,1.111268
14-Apr-2022,-1.221848
18-Apr-2022,-0.020491
19-Apr-2022,1.593004
20-Apr-2022,-0.061872
21-Apr-2022,-1.486285
22-Apr-2022,-2.813199
25-Apr-2022,0.568169
26-Apr-2022,-2.855003
27-Apr-2022,0.209591
28-Apr-2022,2.444565
29-Apr-2022,-3.695920
02-May-2022,0.565927
03-May-2022,0.482544
04-May-2022,2.942524
05-May-2022,-3.630072
06-May-2022,-0.569032
09-May-2022,-3.256155
10-May-2022,0.245487
11-May-2022,-1.660020
12-May-2022,-0.129684
13-May-2022,2.358931
16-May-2022,-0.395424
17-May-2022,1.996890
18-May-2022,-4.123377
19-May-2022,-0.585089
20-May-2022,0.014611
23-May-2022,1.838502
24-May-2022,-0.815395
25-May-2022,0.940639
26-May-2022,1.968814
27-May-2022,2.444110
31-May-2022,-0.629406
01-Jun-2022,-0.751092
02-Jun-2022,1.826326
03-Jun-2022,-1.648246
06-Jun-2022,0.313246
07-Jun-2022,0.947833
08-Jun-2022,-1.085259
09-Jun-2022,-2.408647
10-Jun-2022,-2.954243
13-Jun-2022,-3.953987
14-Jun-2022,-0.378084
15-Jun-2022,1.448706
16-Jun-2022,-3.305222
17-Jun-2022,0.219843
21-Jun-2022,2.418249
22-Jun-2022,-0.130238
23-Jun-2022,0.948705
24-Jun-2022,3.010554
27-Jun-2022,-0.297753
28-Jun-2022,-2.034866
29-Jun-2022,-0.071201
30-Jun-2022,-0.879781
01-Jul-2022,1.049846
05-Jul-2022,0.158292
06-Jul-2022,0.356675
07-Jul-2022,1.485371
08-Jul-2022,-0.083056
11-Jul-2022,-1.159443
12-Jul-2022,-0.928690
13-Jul-2022,-0.446686
14-Jul-2022,-0.300310
15-Jul-2022,1.901922
18-Jul-2022,-0.839879
19-Jul-2022,2.725356
20-Jul-2022,0.587850
21-Jul-2022,0.981305
22-Jul-2022,-0.937627
25-Jul-2022,0.131425
26-Jul-2022,-1.161033
27-Jul-2022,2.582003
28-Jul-2022,1.206036
29-Jul-2022,1.410775
01-Aug-2022,-0.282704
02-Aug-2022,-0.668470
03-Aug-2022,1.551746
04-Aug-2022,-0.077765
05-Aug-2022,-0.162707
08-Aug-2022,-0.123835
09-Aug-2022,-0.425778
10-Aug-2022,2.106715
11-Aug-2022,-0.070567
12-Aug-2022,1.717407
15-Aug-2022,0.396163
16-Aug-2022,0.187391
17-Aug-2022,-0.726408
18-Aug-2022,0.226694
19-Aug-2022,-1.298387
22-Aug-2022,-2.163243
23-Aug-2022,-0.224031
24-Aug-2022,0.291191
25-Aug-2022,1.399322
26-Aug-2022,-3.426853
29-Aug-2022,-0.668872
30-Aug-2022,-1.108937
31-Aug-2022,-0.784776
01-Sep-2022,0.299173
02-Sep-2022,-1.079453
06-Sep-2022,-0.410345
07-Sep-2022,1.817480
08-Sep-2022,0.658901
09-Sep-2022,1.515597
12-Sep-2022,1.052864
13-Sep-2022,-4.419911
14-Sep-2022,0.338127
15-Sep-2022,-1.138229
16-Sep-2022,-0.720804
19-Sep-2022,0.683375
20-Sep-2022,-1.133612
21-Sep-2022,-1.726467
22-Sep-2022,-0.846331
23-Sep-2022,-1.738283
26-Sep-2022,-1.039438
27-Sep-2022,-0.212261
28-Sep-2022,1.948114
29-Sep-2022,-2.135278
30-Sep-2022,-1.518139
03-Oct-2022,2.555463
04-Oct-2022,3.012534
05-Oct-2022,-0.202001
06-Oct-2022,-1.029792
07-Oct-2022,-2.840317
10-Oct-2022,-0.752067
11-Oct-2022,-0.654057
12-Oct-2022,-0.329618
13-Oct-2022,2.563429
14-Oct-2022,-2.394716
17-Oct-2022,2.613556
18-Oct-2022,1.136276
19-Oct-2022,-0.669444
20-Oct-2022,-0.798272
21-Oct-2022,2.344777
24-Oct-2022,1.181192
25-Oct-2022,1.613577
26-Oct-2022,-0.741514
27-Oct-2022,-0.610117
28-Oct-2022,2.432803
31-Oct-2022,-0.748231
01-Nov-2022,-0.410969
02-Nov-2022,-2.531980
03-Nov-2022,-1.064241
04-Nov-2022,1.352678
07-Nov-2022,0.956806
08-Nov-2022,0.558227
09-Nov-2022,-2.099677
10-Nov-2022,5.395250
11-Nov-2022,0.919836
14-Nov-2022,-0.897596
15-Nov-2022,0.867538
16-Nov-2022,-0.828630
17-Nov-2022,-0.309411
18-Nov-2022,0.474729
21-Nov-2022,-0.389121
22-Nov-2022,1.348857
23-Nov-2022,0.589728
25-Nov-2022,-0.028311
28-Nov-2022,-1.556465
29-Nov-2022,-0.159312
30-Nov-2022,3.047859
01-Dec-2022,-0.086800
02-Dec-2022,-0.119535
05-Dec-2022,-1.805628
06-Dec-2022,-1.450385
07-Dec-2022,-0.186408
08-Dec-2022,0.749361
09-Dec-2022,-0.737669
12-Dec-2022,1.417826
13-Dec-2022,0.726326
14-Dec-2022,-0.607116
15-Dec-2022,-2.523746
16-Dec-2022,-1.120027
19-Dec-2022,-0.904828
20-Dec-2022,0.103675
21-Dec-2022,1.475859
22-Dec-2022,-1.455713
23-Dec-2022,0.585091
27-Dec-2022,-0.405783
28-Dec-2022,-1.209346
29-Dec-2022,1.731062
30-Dec-2022,-0.254397
03-Jan-2023,-0.400854
04-Jan-2023,0.751067
05-Jan-2023,-1.171390
06-Jan-2023,2.258384
09-Jan-2023,-0.076793
10-Jan-2023,0.695402
11-Jan-2023,1.276754
12-Jan-2023,0.341013
13-Jan-2023,0.398885
17-Jan-2023,-0.203253
18-Jan-2023,-1.568500
19-Jan-2023,-0.766767
20-Jan-2023,1.874167
23-Jan-2023,1.181133
24-Jan-2023,-0.071173
25-Jan-2023,-0.018175
26-Jan-2023,1.094772
27-Jan-2023,0.249170
30-Jan-2023,-1.305356
31-Jan-2023,1.453629
01-Feb-2023,1.039809
02-Feb-2023,1.459243
03-Feb-2023,-1.040864
06-Feb-2023,-0.615942
07-Feb-2023,1.279038
08-Feb-2023,-1.114254
09-Feb-2023,-0.886904
10-Feb-2023,0.219287
13-Feb-2023,1.138355
14-Feb-2023,-0.028042
15-Feb-2023,0.276929
16-Feb-2023,-1.388464
17-Feb-2023,-0.277129
21-Feb-2023,-2.024478
22-Feb-2023,-0.157479
23-Feb-2023,0.531527
24-Feb-2023,-1.059346
27-Feb-2023,0.306830
28-Feb-2023,-0.304060
01-Mar-2023,-0.473646
02-Mar-2023,0.755354
03-Mar-2023,1.601880
06-Mar-2023,0.068692
07-Mar-2023,-1.544564
08-Mar-2023,0.141382
09-Mar-2023,-1.863187
10-Mar-2023,-1.458397
13-Mar-2023,-0.151088
14-Mar-2023,1.634238
15-Mar-2023,-0.700534
16-Mar-2023,1.740955
17-Mar-2023,-1.108059
20-Mar-2023,0.887882
21-Mar-2023,1.289864
22-Mar-2023,-1.660021
23-Mar-2023,0.298008
24-Mar-2023,0.562396
27-Mar-2023,0.164559
28-Mar-2023,-0.157508
29-Mar-2023,1.413686
30-Mar-2023,0.569899
31-Mar-2023,1.433333
03-Apr-2023,0.369209
04-Apr-2023,-0.581392
05-Apr-2023,-0.249543
06-Apr-2023,0.357274
10-Apr-2023,0.099585
11-Apr-2023,-0.004137
12-Apr-2023,-0.414346
13-Apr-2023,1.317545
14-Apr-2023,-0.207150
17-Apr-2023,0.330078
18-Apr-2023,0.085478
19-Apr-2023,-0.008424
20-Apr-2023,-0.597034
21-Apr-2023,0.090279
24-Apr-2023,0.085121
25-Apr-2023,-1.593715
26-Apr-2023,-0.384861
27-Apr-2023,1.937717
28-Apr-2023,0.821936
01-May-2023,-0.038621
02-May-2023,-1.165390
03-May-2023,-0.702289
04-May-2023,-0.724491
05-May-2023,1.830616
08-May-2023,0.045200
09-May-2023,-0.458989
10-May-2023,0.447389
11-May-2023,-0.169806
12-May-2023,-0.158455
15-May-2023,0.295387
16-May-2023,-0.639814
17-May-2023,1.182066
18-May-2023,0.940077
19-May-2023,-0.144696
22-May-2023,0.015505
23-May-2023,-1.128552
24-May-2023,-0.734555
25-May-2023,0.871956
26-May-2023,1.296458
30-May-2023,0.001664
31-May-2023,-0.612737
01-Jun-2023,0.980623
02-Jun-2023,1.442979
05-Jun-2023,-0.200557
06-Jun-2023,0.235112
07-Jun-2023,-0.381928
08-Jun-2023,0.616954
09-Jun-2023,0.114747
12-Jun-2023,0.927790
13-Jun-2023,0.690866
14-Jun-2023,0.081907
15-Jun-2023,1.210458
16-Jun-2023,-0.367838
20-Jun-2023,-0.474638
21-Jun-2023,-0.525908
22-Jun-2023,0.370389
23-Jun-2023,-0.768827
26-Jun-2023,-0.449688
27-Jun-2023,1.139066
28-Jun-2023,-0.035407
29-Jun-2023,0.446355
30-Jun-2023,1.219436
03-Jul-2023,0.117000
05-Jul-2023,-0.197025
06-Jul-2023,-0.795407
07-Jul-2023,-0.286929
10-Jul-2023,0.240223
11-Jul-2023,0.671959
12-Jul-2023,0.738382
13-Jul-2023,0.843451
14-Jul-2023,-0.102491
17-Jul-2023,0.384794
18-Jul-2023,0.709208
19-Jul-2023,0.235508
20-Jul-2023,-0.677981
21-Jul-2023,0.032410
24-Jul-2023,0.402597
25-Jul-2023,0.281076
26-Jul-2023,-0.015546
27-Jul-2023,-0.644543
28-Jul-2023,0.982941
31-Jul-2023,0.146764
01-Aug-2023,-0.266865
02-Aug-2023,-1.393624
03-Aug-2023,-0.255123
04-Aug-2023,-0.531409
07-Aug-2023,0.898358
08-Aug-2023,-0.422719
09-Aug-2023,-0.706364
10-Aug-2023,0.025066
11-Aug-2023,-0.107020
14-Aug-2023,0.573391
15-Aug-2023,-1.161806
16-Aug-2023,-0.758413
17-Aug-2023,-0.774276
18-Aug-2023,-0.014874
21-Aug-2023,0.685562
22-Aug-2023,-0.278128
23-Aug-2023,1.098434
24-Aug-2023,-1.354942
25-Aug-2023,0.669552
28-Aug-2023,0.624506
29-Aug-2023,1.440411
30-Aug-2023,0.382580
31-Aug-2023,-0.159822
01-Sep-2023,0.179754
05-Sep-2023,-0.420301
06-Sep-2023,-0.699599
07-Sep-2023,-0.321647
08-Sep-2023,0.142558
11-Sep-2023,0.670101
12-Sep-2023,-0.571216
13-Sep-2023,0.124085
14-Sep-2023,0.839455
15-Sep-2023,-1.223408
18-Sep-2023,0.072104
19-Sep-2023,-0.215342
20-Sep-2023,-0.943920
21-Sep-2023,-1.653687
22-Sep-2023,-0.229825
25-Sep-2023,0.401502
26-Sep-2023,-1.484413
27-Sep-2023,0.022929
28-Sep-2023,0.587578
29-Sep-2023,-0.271317
02-Oct-2023,0.007929
03-Oct-2023,-1.383941
04-Oct-2023,0.807709
05-Oct-2023,-0.130487
06-Oct-2023,1.174563
09-Oct-2023,0.628403
10-Oct-2023,0.519446
11-Oct-2023,0.428383
12-Oct-2023,-0.626595
13-Oct-2023,-0.503148
16-Oct-2023,1.053862
17-Oct-2023,-0.009832
18-Oct-2023,-1.349039
19-Oct-2023,-0.851901
20-Oct-2023,-1.266519
23-Oct-2023,-0.168696
24-Oct-2023,0.723949
25-Oct-2023,-1.444340
26-Oct-2023,-1.190307
27-Oct-2023,-0.481187
30-Oct-2023,1.193854
31-Oct-2023,0.645409
01-Nov-2023,1.045118
02-Nov-2023,1.868296
03-Nov-2023,0.934987
06-Nov-2023,0.175143
07-Nov-2023,0.283612
08-Nov-2023,0.100443
09-Nov-2023,-0.811676
10-Nov-2023,1.549573
13-Nov-2023,-0.083609
14-Nov-2023,1.889528
15-Nov-2023,0.159581
16-Nov-2023,0.118964
17-Nov-2023,0.128128
20-Nov-2023,0.736313
21-Nov-2023,-0.202299
22-Nov-2023,0.405287
24-Nov-2023,0.059676
27-Nov-2023,-0.195614
28-Nov-2023,0.097965
29-Nov-2023,-0.094668
30-Nov-2023,0.377699
01-Dec-2023,0.585654
04-Dec-2023,-0.542317
05-Dec-2023,-0.056912
06-Dec-2023,-0.391378
07-Dec-2023,0.793661
08-Dec-2023,0.408707
11-Dec-2023,0.391685
12-Dec-2023,0.458876
13-Dec-2023,1.355842
14-Dec-2023,0.264357
15-Dec-2023,-0.007628
18-Dec-2023,0.451810
19-Dec-2023,0.584926
20-Dec-2023,-1.479314
21-Dec-2023,1.024879
22-Dec-2023,0.165871
26-Dec-2023,0.422274
27-Dec-2023,0.142942
28-Dec-2023,0.037010
29-Dec-2023,-0.283047
02-Jan-2024,-0.567666
03-Jan-2024,-0.804861
04-Jan-2024,-0.343430
05-Jan-2024,0.182401
08-Jan-2024,1.401599
09-Jan-2024,-0.147899
10-Jan-2024,0.564994
11-Jan-2024,-0.067129
12-Jan-2024,0.075073
16-Jan-2024,-0.373830
17-Jan-2024,-0.563273
18-Jan-2024,0.876672
19-Jan-2024,1.223828
22-Jan-2024,0.219190
23-Jan-2024,0.291713
24-Jan-2024,0.081166
25-Jan-2024,0.524651
26-Jan-2024,-0.065201
29-Jan-2024,0.752837
30-Jan-2024,-0.060084
31-Jan-2024,-1.623679
01-Feb-2024,1.241628
02-Feb-2024,1.062779
05-Feb-2024,-0.319146
06-Feb-2024,0.230776
07-Feb-2024,0.820767
08-Feb-2024,0.057040
09-Feb-2024,0.572598
12-Feb-2024,-0.094940
13-Feb-2024,-1.376862
14-Feb-2024,0.953413
15-Feb-2024,0.580440
16-Feb-2024,-0.481501
20-Feb-2024,-0.602341
21-Feb-2024,0.126339
22-Feb-2024,2.090289
23-Feb-2024,0.034788
26-Feb-2024,-0.379394
27-Feb-2024,0.170482
28-Feb-2024,-0.165945
29-Feb-2024,0.521542
01-Mar-2024,0.797593
04-Mar-2024,-0.119400
05-Mar-2024,-1.024535
06-Mar-2024,0.512796
07-Mar-2024,1.025138
08-Mar-2024,-0.654994
11-Mar-2024,-0.112287
12-Mar-2024,1.113950
13-Mar-2024,-0.192639
14-Mar-2024,-0.287521
15-Mar-2024,-0.650400
18-Mar-2024,0.629817
19-Mar-2024,0.563328
20-Mar-2024,0.886470
21-Mar-2024,0.323137
22-Mar-2024,-0.140325
25-Mar-2024,-0.305960
26-Mar-2024,-0.280375
27-Mar-2024,0.859357
28-Mar-2024,0.111589
01-Apr-2024,-0.201560
02-Apr-2024,-0.726540
03-Apr-2024,0.109049
04-Apr-2024,-1.241098
05-Apr-2024,1.103807
08-Apr-2024,-0.037476
09-Apr-2024,0.144445
10-Apr-2024,-0.950198
11-Apr-2024,0.741724
12-Apr-2024,-1.465761
15-Apr-2024,-1.209413
16-Apr-2024,-0.205869
17-Apr-2024,-0.579734
18-Apr-2024,-0.221063
19-Apr-2024,-0.879710
22-Apr-2024,0.869333
23-Apr-2024,1.189362
24-Apr-2024,0.021297
25-Apr-2024,-0.458694
26-Apr-2024,1.015737
29-Apr-2024,0.317342
30-Apr-2024,-1.585555
01-May-2024,-0.344139
02-May-2024,0.908701
03-May-2024,1.247859
06-May-2024,1.027314
07-May-2024,0.134254
08-May-2024,-0.000578
09-May-2024,0.507800
10-May-2024,0.164802
13-May-2024,-0.024128
14-May-2024,0.482610
15-May-2024,1.164788
16-May-2024,-0.208387
17-May-2024,0.116411
20-May-2024,0.091600
21-May-2024,0.249870
22-May-2024,-0.270972
23-May-2024,-0.740818
24-May-2024,0.697658
28-May-2024,0.024880
29-May-2024,-0.739435
30-May-2024,-0.599292
31-May-2024,0.799586
03-Jun-2024,0.111543
04-Jun-2024,0.150169
05-Jun-2024,1.177803
06-Jun-2024,-0.019987
07-Jun-2024,-0.111589
10-Jun-2024,0.257757
11-Jun-2024,0.270675
12-Jun-2024,0.846773
13-Jun-2024,0.234183
14-Jun-2024,-0.039391
17-Jun-2024,0.763519
18-Jun-2024,0.251819
20-Jun-2024,-0.252915
21-Jun-2024,-0.156339
24-Jun-2024,-0.306988
25-Jun-2024,0.392593
26-Jun-2024,0.157118
27-Jun-2024,0.090687
28-Jun-2024,-0.409199
01-Jul-2024,0.267202
02-Jul-2024,0.617622
03-Jul-2024,0.507152
05-Jul-2024,0.543399
08-Jul-2024,0.101615
09-Jul-2024,0.074082
10-Jul-2024,1.015628
11-Jul-2024,-0.880163
12-Jul-2024,0.550185
15-Jul-2024,0.282220
16-Jul-2024,0.636905
17-Jul-2024,-1.402541
18-Jul-2024,-0.784708
19-Jul-2024,-0.716591
22-Jul-2024,1.073419
23-Jul-2024,-0.155933
24-Jul-2024,-2.342118
25-Jul-2024,-0.515595
26-Jul-2024,1.102944
29-Jul-2024,0.081299
30-Jul-2024,-0.497250
31-Jul-2024,1.567001
01-Aug-2024,-1.378819
02-Aug-2024,-1.855289
05-Aug-2024,-3.042705
06-Aug-2024,1.030091
07-Aug-2024,-0.776476
08-Aug-2024,2.278113
09-Aug-2024,0.466078
12-Aug-2024,0.004304
13-Aug-2024,1.670723
14-Aug-2024,0.381648
15-Aug-2024,1.600444
16-Aug-2024,0.198784
19-Aug-2024,0.967533
20-Aug-2024,-0.198655
21-Aug-2024,0.423072
22-Aug-2024,-0.897295
23-Aug-2024,1.141799
26-Aug-2024,-0.315871
27-Aug-2024,0.159393
28-Aug-2024,-0.599397
29-Aug-2024,-0.003934
30-Aug-2024,1.004247
03-Sep-2024,-2.137801
04-Sep-2024,-0.160377
05-Sep-2024,-0.302264
06-Sep-2024,-1.741090
09-Sep-2024,1.151356
10-Sep-2024,0.446266
11-Sep-2024,1.060858
12-Sep-2024,0.746737
13-Sep-2024,0.539310
16-Sep-2024,0.125587
17-Sep-2024,0.026447
18-Sep-2024,-0.290060
19-Sep-2024,1.683429
20-Sep-2024,-0.194286
23-Sep-2024,0.280533
24-Sep-2024,0.250797
25-Sep-2024,-0.186291
26-Sep-2024,0.403048
27-Sep-2024,-0.125397
30-Sep-2024,0.422759
01-Oct-2024,-0.936785
02-Oct-2024,0.013837
03-Oct-2024,-0.168281
04-Oct-2024,0.893028
07-Oct-2024,-0.963228
08-Oct-2024,0.964272
09-Oct-2024,0.708820
10-Oct-2024,-0.207223
11-Oct-2024,0.603361
14-Oct-2024,0.767806
15-Oct-2024,-0.763851
16-Oct-2024,0.466816
17-Oct-2024,-0.017118
18-Oct-2024,0.396374
21-Oct-2024,-0.182444
22-Oct-2024,-0.047500
23-Oct-2024,-0.923378
24-Oct-2024,0.214348
25-Oct-2024,-0.029954
28-Oct-2024,0.264795
29-Oct-2024,0.161284
30-Oct-2024,-0.330569
31-Oct-2024,-1.879018
01-Nov-2024,0.408423
04-Nov-2024,-0.281607
05-Nov-2024,1.219106
06-Nov-2024,2.498123
07-Nov-2024,0.740374
08-Nov-2024,0.374980
11-Nov-2024,0.096858
12-Nov-2024,-0.289687
13-Nov-2024,0.023226
14-Nov-2024,-0.606812
15-Nov-2024,-1.329146
18-Nov-2024,0.391016
19-Nov-2024,0.395577
20-Nov-2024,0.002197
21-Nov-2024,0.532624
22-Nov-2024,0.346198
25-Nov-2024,0.301588
26-Nov-2024,0.570574
27-Nov-2024,-0.380854
29-Nov-2024,0.559218
02-Dec-2024,0.244546
03-Dec-2024,0.045135
04-Dec-2024,0.603312
05-Dec-2024,-0.187146
06-Dec-2024,0.249232
09-Dec-2024,-0.616318
10-Dec-2024,-0.296829
11-Dec-2024,0.813266
12-Dec-2024,-0.542874
13-Dec-2024,-0.002644
16-Dec-2024,0.379212
17-Dec-2024,-0.387144
18-Dec-2024,-2.993655
19-Dec-2024,-0.086547
20-Dec-2024,1.081048
23-Dec-2024,0.726090
24-Dec-2024,1.098220
26-Dec-2024,-0.040571
27-Dec-2024,-1.111730
30-Dec-2024,-1.075969
31-Dec-2024,-0.429400
02-Jan-2025,-0.222635
03-Jan-2025,1.251729
06-Jan-2025,0.552282
07-Jan-2025,-1.116600
08-Jan-2025,0.155911
10-Jan-2025,-1.553164
13-Jan-2025,0.157417
14-Jan-2025,0.114563
15-Jan-2025,1.814713
16-Jan-2025,-0.211487
17-Jan-2025,0.994143
21-Jan-2025,0.873000
22-Jan-2025,0.611920
23-Jan-2025,0.529945
24-Jan-2025,-0.285926
27-Jan-2025,-1.468798
28-Jan-2025,0.917558
29-Jan-2025,-0.468985
30-Jan-2025,0.526157
31-Jan-2025,-0.505958
03-Feb-2025,-0.763770
04-Feb-2025,0.719890
05-Feb-2025,0.390104
06-Feb-2025,0.363770
07-Feb-2025,-0.950991
10-Feb-2025,0.669016
11-Feb-2025,0.033952
12-Feb-2025,-0.272762
13-Feb-2025,1.037238
14-Feb-2025,-0.007196
18-Feb-2025,0.244197
19-Feb-2025,0.237418
20-Feb-2025,-0.434362
21-Feb-2025,-1.721137
24-Feb-2025,-0.498151
25-Feb-2025,-0.469072
26-Feb-2025,0.013601
27-Feb-2025,-1.599170
28-Feb-2025,1.572975
03-Mar-2025,-1.775344
04-Mar-2025,-1.231023
05-Mar-2025,1.109748
06-Mar-2025,-1.797970
07-Mar-2025,0.550540
10-Mar-2025,-2.734352
11-Mar-2025,-0.759660
12-Mar-2025,0.487497
13-Mar-2025,-1.398841
14-Mar-2025,2.104292
17-Mar-2025,0.639560
18-Mar-2025,-1.071067
19-Mar-2025,1.074063
20-Mar-2025,-0.218730
21-Mar-2025,0.082433
24-Mar-2025,1.749216
25-Mar-2025,0.157308
26-Mar-2025,-1.121969
27-Mar-2025,-0.331244
28-Mar-2025,-1.993458
31-Mar-2025,0.552321
01-Apr-2025,0.377415
02-Apr-2025,0.670559
03-Apr-2025,-4.960588
04-Apr-2025,-6.160907
07-Apr-2025,-0.233418
08-Apr-2025,-1.582509
09-Apr-2025,9.089490
10-Apr-2025,-3.522059
11-Apr-2025,1.793037
14-Apr-2025,0.791325
15-Apr-2025,-0.172921
16-Apr-2025,-2.266331
17-Apr-2025,0.132596
21-Apr-2025,-2.384965
22-Apr-2025,2.480703
23-Apr-2025,1.652385
24-Apr-2025,2.005660
25-Apr-2025,0.734610
28-Apr-2025,0.064049
29-Apr-2025,0.578563
30-Apr-2025,0.147890
01-May-2025,0.627933
02-May-2025,1.461923
05-May-2025,-0.640204
06-May-2025,-0.772303
07-May-2025,0.433700
08-May-2025,0.578299
09-May-2025,-0.071177
12-May-2025,3.204001
13-May-2025,0.722208
14-May-2025,0.102384
15-May-2025,0.412380
16-May-2025,0.698090
19-May-2025,0.087569
20-May-2025,-0.388775
21-May-2025,-1.626670
22-May-2025,-0.044495
23-May-2025,-0.673091
27-May-2025,2.025254
28-May-2025,-0.558676
29-May-2025,0.400315
30-May-2025,-0.008119
02-Jun-2025,0.409365
03-Jun-2025,0.578350
04-Jun-2025,0.007369
05-Jun-2025,-0.529132
06-Jun-2025,1.022819
09-Jun-2025,0.091952
10-Jun-2025,0.546798
11-Jun-2025,-0.274769
12-Jun-2025,0.381521
13-Jun-2025,-1.136074
16-Jun-2025,0.934888
17-Jun-2025,-0.838732
18-Jun-2025,-0.030927
20-Jun-2025,-0.218099
23-Jun-2025,0.956064
24-Jun-2025,1.106029
25-Jun-2025,-0.000328
26-Jun-2025,0.798815
27-Jun-2025,0.520543
30-Jun-2025,0.515108
01-Jul-2025,-0.111909
02-Jul-2025,0.473385
03-Jul-2025,0.830435
07-Jul-2025,-0.789335
08-Jul-2025,-0.071615
09-Jul-2025,0.604384
10-Jul-2025,0.274241
11-Jul-2025,-0.330298
14-Jul-2025,0.140641
15-Jul-2025,-0.396410
16-Jul-2025,0.318850
17-Jul-2025,0.535943
18-Jul-2025,-0.009052
21-Jul-2025,0.139815
22-Jul-2025,0.063733
23-Jul-2025,0.778153
24-Jul-2025,0.069799
25-Jul-2025,0.396644
28-Jul-2025,0.017686
29-Jul-2025,-0.296381
30-Jul-2025,-0.125022
31-Jul-2025,-0.370170
01-Aug-2025,-1.612133
04-Aug-2025,1.462954
05-Aug-2025,-0.486970
06-Aug-2025,0.725550
07-Aug-2025,-0.079779
08-Aug-2025,0.776942
11-Aug-2025,-0.250727
12-Aug-2025,1.128163
13-Aug-2025,0.322482
14-Aug-2025,0.030305
15-Aug-2025,-0.290130
18-Aug-2025,-0.010078
19-Aug-2025,-0.587536
20-Aug-2025,-0.243458
21-Aug-2025,-0.401224
22-Aug-2025,1.507225
25-Aug-2025,-0.427546
26-Aug-2025,0.412546
27-Aug-2025,0.238814
28-Aug-2025,0.315175
29-Aug-2025,-0.641873
02-Sep-2025,-0.694639
03-Sep-2025,0.508715
04-Sep-2025,0.831180
05-Sep-2025,-0.317016
08-Sep-2025,0.210378
09-Sep-2025,0.268455
10-Sep-2025,0.297900
11-Sep-2025,0.845006
12-Sep-2025,-0.048285
15-Sep-2025,0.469562
16-Sep-2025,-0.128876
17-Sep-2025,-0.097069
18-Sep-2025,0.477771
19-Sep-2025,0.487354
22-Sep-2025,0.440033
23-Sep-2025,-0.551734
24-Sep-2025,-0.285072
25-Sep-2025,-0.502165
26-Sep-2025,0.588449
29-Sep-2025,0.263211
30-Sep-2025,0.408250
01-Oct-2025,0.339412
02-Oct-2025,0.061818
03-Oct-2025,0.006552
06-Oct-2025,0.364000
07-Oct-2025,-0.381870
08-Oct-2025,0.581069
09-Oct-2025,-0.275932
10-Oct-2025,-2.748596
13-Oct-2025,1.547819
14-Oct-2025,-0.156553
15-Oct-2025,0.401792
16-Oct-2025,-0.631424
17-Oct-2025,0.525688
20-Oct-2025,1.061571
21-Oct-2025,0.003266
22-Oct-2025,-0.535181
23-Oct-2025,0.581047
24-Oct-2025,0.787136
27-Oct-2025,1.221511
28-Oct-2025,0.228533
29-Oct-2025,-0.004354
30-Oct-2025,-0.995419
31-Oct-2025,0.261445
03-Nov-2025,0.171923
04-Nov-2025,-1.180619
05-Nov-2025,0.364686
06-Nov-2025,-1.124110
07-Nov-2025,0.126105
10-Nov-2025,1.528357
11-Nov-2025,0.207325
12-Nov-2025,0.062931
13-Nov-2025,-1.669550
14-Nov-2025,-0.050180
17-Nov-2025,-0.920454
18-Nov-2025,-0.829066
19-Nov-2025,0.374676
20-Nov-2025,-1.568967
21-Nov-2025,0.977503
24-Nov-2025,1.534884
25-Nov-2025,0.902092
26-Nov-2025,0.688297
28-Nov-2025,0.534049
01-Dec-2025,-0.533755
02-Dec-2025,0.245419
03-Dec-2025,0.297535
04-Dec-2025,0.107975
05-Dec-2025,0.193480
08-Dec-2025,-0.348330
09-Dec-2025,-0.087674
10-Dec-2025,0.672682
11-Dec-2025,0.207722
12-Dec-2025,-1.072094
15-Dec-2025,-0.159778
16-Dec-2025,-0.238676
17-Dec-2025,-1.165992
18-Dec-2025,0.790301
19-Dec-2025,0.877937
22-Dec-2025,0.641584
23-Dec-2025,0.454010
24-Dec-2025,0.321634
26-Dec-2025,-0.030443
29-Dec-2025,-0.349821
30-Dec-2025,-0.137661
31-Dec-2025,-0.738483
02-Jan-2026,0.189288
05-Jan-2026,0.633408
06-Jan-2026,0.617759
07-Jan-2026,-0.344590
08-Jan-2026,0.007658
09-Jan-2026,0.645464
12-Jan-2026,0.157636
13-Jan-2026,-0.194104
14-Jan-2026,-0.534761
15-Jan-2026,0.257659
16-Jan-2026,-0.064244
20-Jan-2026,-2.084247
21-Jan-2026,1.152108
22-Jan-2026,0.547250
23-Jan-2026,0.032685
26-Jan-2026,0.499358
27-Jan-2026,0.407357
28-Jan-2026,-0.008168
29-Jan-2026,-0.129346
30-Jan-2026,-0.431118
02-Feb-2026,0.537676
03-Feb-2026,-0.843951
04-Feb-2026,-0.508532
05-Feb-2026,-1.232663
06-Feb-2026,1.950436
09-Feb-2026,0.468011
10-Feb-2026,-0.330922
11-Feb-2026,-0.004898
12-Feb-2026,-1.578488
13-Feb-2026,0.049894
17-Feb-2026,0.103075
18-Feb-2026,0.555066
19-Feb-2026,-0.282613
20-Feb-2026,0.691581
23-Feb-2026,-1.043999
24-Feb-2026,0.762251
25-Feb-2026,0.810343
26-Feb-2026,-0.538002
27-Feb-2026,-0.434880
02-Mar-2026,0.039824
03-Mar-2026,-0.948887
04-Mar-2026,0.772611
05-Mar-2026,-0.566270
06-Mar-2026,-1.336573
09-Mar-2026,0.826984
10-Mar-2026,-0.213737
11-Mar-2026,-0.083793
12-Mar-2026,-1.534485
13-Mar-2026,-0.607752
16-Mar-2026,1.007992
17-Mar-2026,0.249116
18-Mar-2026,-1.370105
19-Mar-2026,-0.275259
20-Mar-2026,-1.525390
23-Mar-2026,1.138811
24-Mar-2026,-0.374961
25-Mar-2026,0.540453
26-Mar-2026,-1.755948
27-Mar-2026,-1.686322
30-Mar-2026,-0.395357
31-Mar-2026,2.871492
01-Apr-2026,0.714297
02-Apr-2026,0.112023
06-Apr-2026,0.441699
07-Apr-2026,0.075896
08-Apr-2026,2.477204
09-Apr-2026,0.615105
10-Apr-2026,-0.113917
13-Apr-2026,1.012186
14-Apr-2026,1.171404
15-Apr-2026,0.794410
