Date,Monthly Sunspot Number (SIDC)
31-Jan-1749,96.7
28-Feb-1749,104.3
31-Mar-1749,116.7
30-Apr-1749,92.8
31-May-1749,141.7
30-Jun-1749,139.2
31-Jul-1749,158.0
31-Aug-1749,110.5
30-Sep-1749,126.5
31-Oct-1749,125.8
30-Nov-1749,264.3
31-Dec-1749,142.0
31-Jan-1750,122.2
28-Feb-1750,126.5
31-Mar-1750,148.7
30-Apr-1750,147.2
31-May-1750,150.0
30-Jun-1750,166.7
31-Jul-1750,142.3
31-Aug-1750,171.7
30-Sep-1750,152.0
31-Oct-1750,109.5
30-Nov-1750,105.5
31-Dec-1750,125.7
31-Jan-1751,116.7
28-Feb-1751,72.5
31-Mar-1751,75.5
30-Apr-1751,94.0
31-May-1751,101.2
30-Jun-1751,84.5
31-Jul-1751,110.5
31-Aug-1751,99.7
30-Sep-1751,39.2
31-Oct-1751,38.7
30-Nov-1751,47.5
31-Dec-1751,73.3
31-Jan-1752,58.3
29-Feb-1752,83.3
31-Mar-1752,118.3
30-Apr-1752,98.8
31-May-1752,99.5
30-Jun-1752,66.0
31-Jul-1752,130.7
31-Aug-1752,48.8
30-Sep-1752,45.2
31-Oct-1752,77.7
30-Nov-1752,62.7
31-Dec-1752,66.7
31-Jan-1753,73.3
28-Feb-1753,53.3
31-Mar-1753,76.2
30-Apr-1753,63.3
31-May-1753,60.0
30-Jun-1753,52.8
31-Jul-1753,36.7
31-Aug-1753,65.0
30-Sep-1753,46.7
31-Oct-1753,41.7
30-Nov-1753,33.3
31-Dec-1753,11.2
31-Jan-1754,0.0
28-Feb-1754,5.0
31-Mar-1754,2.8
30-Apr-1754,22.8
31-May-1754,34.5
30-Jun-1754,44.5
31-Jul-1754,31.3
31-Aug-1754,20.5
30-Sep-1754,13.7
31-Oct-1754,40.2
30-Nov-1754,22.0
31-Dec-1754,7.0
31-Jan-1755,17.0
28-Feb-1755,18.7
31-Mar-1755,11.3
30-Apr-1755,10.8
31-May-1755,0.0
30-Jun-1755,0.0
31-Jul-1755,14.3
31-Aug-1755,5.3
30-Sep-1755,29.7
31-Oct-1755,39.5
30-Nov-1755,11.3
31-Dec-1755,33.3
31-Jan-1756,20.8
29-Feb-1756,11.8
31-Mar-1756,9.0
30-Apr-1756,15.7
31-May-1756,20.8
30-Jun-1756,21.5
31-Jul-1756,6.0
31-Aug-1756,10.7
30-Sep-1756,19.7
31-Oct-1756,23.8
30-Nov-1756,28.3
31-Dec-1756,15.7
31-Jan-1757,23.5
28-Feb-1757,35.3
31-Mar-1757,43.7
30-Apr-1757,50.0
31-May-1757,63.5
30-Jun-1757,21.3
31-Jul-1757,41.7
31-Aug-1757,85.5
30-Sep-1757,66.2
31-Oct-1757,54.2
30-Nov-1757,107.8
31-Dec-1757,55.8
31-Jan-1758,62.7
28-Feb-1758,86.7
31-Mar-1758,81.7
30-Apr-1758,120.5
31-May-1758,77.3
30-Jun-1758,75.0
31-Jul-1758,73.3
31-Aug-1758,64.5
30-Sep-1758,104.2
31-Oct-1758,62.8
30-Nov-1758,71.7
31-Dec-1758,71.7
31-Jan-1759,80.5
28-Feb-1759,73.3
31-Mar-1759,78.0
30-Apr-1759,78.3
31-May-1759,81.7
30-Jun-1759,83.3
31-Jul-1759,85.0
31-Aug-1759,118.8
30-Sep-1759,128.7
31-Oct-1759,99.5
30-Nov-1759,77.2
31-Dec-1759,95.0
31-Jan-1760,112.2
29-Feb-1760,99.2
31-Mar-1760,124.5
30-Apr-1760,97.2
31-May-1760,120.0
30-Jun-1760,80.5
31-Jul-1760,110.0
31-Aug-1760,126.0
30-Sep-1760,102.2
31-Oct-1760,84.3
30-Nov-1760,99.5
31-Dec-1760,101.7
31-Jan-1761,116.7
28-Feb-1761,151.7
31-Mar-1761,134.5
30-Apr-1761,119.5
31-May-1761,178.7
30-Jun-1761,165.5
31-Jul-1761,156.8
31-Aug-1761,151.8
30-Sep-1761,167.8
31-Oct-1761,147.8
30-Nov-1761,149.5
31-Dec-1761,76.7
31-Jan-1762,73.0
28-Feb-1762,121.3
31-Mar-1762,76.2
30-Apr-1762,100.3
31-May-1762,66.5
30-Jun-1762,128.5
31-Jul-1762,56.3
31-Aug-1762,112.8
30-Sep-1762,114.2
31-Oct-1762,115.5
30-Nov-1762,129.7
31-Dec-1762,128.7
31-Jan-1763,94.2
28-Feb-1763,53.2
31-Mar-1763,57.0
30-Apr-1763,54.8
31-May-1763,54.5
30-Jun-1763,59.7
31-Jul-1763,90.3
31-Aug-1763,44.2
30-Sep-1763,113.5
31-Oct-1763,77.2
30-Nov-1763,101.5
31-Dec-1763,102.3
31-Jan-1764,99.5
29-Feb-1764,99.5
31-Mar-1764,67.0
30-Apr-1764,57.3
31-May-1764,73.8
30-Jun-1764,50.0
31-Jul-1764,50.0
31-Aug-1764,50.0
30-Sep-1764,47.0
31-Oct-1764,46.7
30-Nov-1764,43.3
31-Dec-1764,42.8
31-Jan-1765,40.0
28-Feb-1765,43.3
31-Mar-1765,41.7
30-Apr-1765,36.7
31-May-1765,33.7
30-Jun-1765,33.3
31-Jul-1765,45.0
31-Aug-1765,49.5
30-Sep-1765,26.7
31-Oct-1765,23.3
30-Nov-1765,23.3
31-Dec-1765,21.7
31-Jan-1766,20.0
28-Feb-1766,18.3
31-Mar-1766,61.0
30-Apr-1766,10.0
31-May-1766,44.7
30-Jun-1766,5.0
31-Jul-1766,5.5
31-Aug-1766,6.7
30-Sep-1766,7.2
31-Oct-1766,8.3
30-Nov-1766,9.5
31-Dec-1766,32.0
31-Jan-1767,45.7
28-Feb-1767,50.0
31-Mar-1767,71.7
30-Apr-1767,54.8
31-May-1767,49.7
30-Jun-1767,55.5
31-Jul-1767,36.5
31-Aug-1767,68.0
30-Sep-1767,71.2
31-Oct-1767,73.5
30-Nov-1767,91.2
31-Dec-1767,88.8
31-Jan-1768,89.2
29-Feb-1768,110.2
31-Mar-1768,77.2
30-Apr-1768,71.2
31-May-1768,129.5
30-Jun-1768,129.0
31-Jul-1768,87.7
31-Aug-1768,111.3
30-Sep-1768,124.7
31-Oct-1768,129.7
30-Nov-1768,151.0
31-Dec-1768,186.3
31-Jan-1769,123.2
28-Feb-1769,107.0
31-Mar-1769,107.2
30-Apr-1769,161.2
31-May-1769,122.7
30-Jun-1769,157.3
31-Jul-1769,197.7
31-Aug-1769,200.5
30-Sep-1769,248.0
31-Oct-1769,263.7
30-Nov-1769,246.8
31-Dec-1769,186.7
31-Jan-1770,173.3
28-Feb-1770,237.5
31-Mar-1770,133.5
30-Apr-1770,85.0
31-May-1770,116.8
30-Jun-1770,138.8
31-Jul-1770,183.0
31-Aug-1770,210.5
30-Sep-1770,174.0
31-Oct-1770,172.7
30-Nov-1770,220.3
31-Dec-1770,170.5
31-Jan-1771,60.0
28-Feb-1771,77.0
31-Mar-1771,77.8
30-Apr-1771,108.2
31-May-1771,254.5
30-Jun-1771,199.2
31-Jul-1771,112.8
31-Aug-1771,97.5
30-Sep-1771,169.0
31-Oct-1771,150.0
30-Nov-1771,166.2
31-Dec-1771,159.5
31-Jan-1772,168.2
29-Feb-1772,151.3
31-Mar-1772,51.8
30-Apr-1772,153.7
31-May-1772,63.3
30-Jun-1772,95.0
31-Jul-1772,128.8
31-Aug-1772,93.7
30-Sep-1772,84.2
31-Oct-1772,131.0
30-Nov-1772,102.2
31-Dec-1772,106.7
31-Jan-1773,91.0
28-Feb-1773,48.3
31-Mar-1773,85.3
30-Apr-1773,54.8
31-May-1773,68.5
30-Jun-1773,47.3
31-Jul-1773,46.2
31-Aug-1773,21.2
30-Sep-1773,48.8
31-Oct-1773,43.8
30-Nov-1773,68.2
31-Dec-1773,72.0
31-Jan-1774,78.0
28-Feb-1774,109.0
31-Mar-1774,92.8
30-Apr-1774,73.0
31-May-1774,85.5
30-Jun-1774,47.5
31-Jul-1774,29.2
31-Aug-1774,11.0
30-Sep-1774,13.2
31-Oct-1774,23.3
30-Nov-1774,29.5
31-Dec-1774,20.3
31-Jan-1775,7.3
28-Feb-1775,0.0
31-Mar-1775,19.3
30-Apr-1775,18.7
31-May-1775,6.5
30-Jun-1775,20.5
31-Jul-1775,1.7
31-Aug-1775,13.2
30-Sep-1775,5.3
31-Oct-1775,9.3
30-Nov-1775,25.2
31-Dec-1775,13.2
31-Jan-1776,36.2
29-Feb-1776,19.3
31-Mar-1776,10.5
30-Apr-1776,36.3
31-May-1776,18.7
30-Jun-1776,31.7
31-Jul-1776,1.7
31-Aug-1776,40.3
30-Sep-1776,26.7
31-Oct-1776,50.0
30-Nov-1776,58.3
31-Dec-1776,66.7
31-Jan-1777,75.0
28-Feb-1777,60.8
31-Mar-1777,65.0
30-Apr-1777,159.2
31-May-1777,133.8
30-Jun-1777,134.5
31-Jul-1777,158.3
31-Aug-1777,186.7
30-Sep-1777,193.7
31-Oct-1777,177.5
30-Nov-1777,243.3
31-Dec-1777,262.2
31-Jan-1778,295.5
28-Feb-1778,182.2
31-Mar-1778,223.3
30-Apr-1778,241.7
31-May-1778,398.2
30-Jun-1778,286.0
31-Jul-1778,255.0
31-Aug-1778,233.3
30-Sep-1778,286.2
31-Oct-1778,260.5
30-Nov-1778,250.5
31-Dec-1778,175.0
31-Jan-1779,191.2
28-Feb-1779,276.2
31-Mar-1779,196.7
30-Apr-1779,241.7
31-May-1779,233.3
30-Jun-1779,189.5
31-Jul-1779,238.3
31-Aug-1779,186.7
30-Sep-1779,185.0
31-Oct-1779,206.7
30-Nov-1779,190.0
31-Dec-1779,183.3
31-Jan-1780,116.7
29-Feb-1780,163.3
31-Mar-1780,163.3
30-Apr-1780,158.3
31-May-1780,178.7
30-Jun-1780,146.7
31-Jul-1780,143.3
31-Aug-1780,143.3
30-Sep-1780,156.2
31-Oct-1780,128.3
30-Nov-1780,100.0
31-Dec-1780,97.8
31-Jan-1781,164.5
28-Feb-1781,124.5
31-Mar-1781,88.3
30-Apr-1781,113.8
31-May-1781,174.5
30-Jun-1781,162.8
31-Jul-1781,122.5
31-Aug-1781,110.0
30-Sep-1781,85.0
31-Oct-1781,45.5
30-Nov-1781,111.7
31-Dec-1781,58.7
31-Jan-1782,90.0
28-Feb-1782,62.5
31-Mar-1782,61.7
30-Apr-1782,68.3
31-May-1782,90.5
30-Jun-1782,63.3
31-Jul-1782,61.7
31-Aug-1782,73.3
30-Sep-1782,56.7
31-Oct-1782,38.7
30-Nov-1782,52.5
31-Dec-1782,50.0
31-Jan-1783,46.7
28-Feb-1783,64.5
31-Mar-1783,44.5
30-Apr-1783,47.2
31-May-1783,38.3
30-Jun-1783,42.0
31-Jul-1783,53.7
31-Aug-1783,33.3
30-Sep-1783,30.0
31-Oct-1783,13.3
30-Nov-1783,25.0
31-Dec-1783,17.5
31-Jan-1784,21.7
29-Feb-1784,13.3
31-Mar-1784,18.3
30-Apr-1784,16.7
31-May-1784,10.0
30-Jun-1784,15.0
31-Jul-1784,10.0
31-Aug-1784,16.7
30-Sep-1784,16.7
31-Oct-1784,13.3
30-Nov-1784,28.3
31-Dec-1784,23.3
31-Jan-1785,10.8
28-Feb-1785,13.3
31-Mar-1785,15.0
30-Apr-1785,26.2
31-May-1785,34.5
30-Jun-1785,43.8
31-Jul-1785,60.5
31-Aug-1785,33.3
30-Sep-1785,53.3
31-Oct-1785,78.7
30-Nov-1785,67.0
31-Dec-1785,45.5
31-Jan-1786,62.0
28-Feb-1786,79.3
31-Mar-1786,79.5
30-Apr-1786,142.3
31-May-1786,153.8
30-Jun-1786,98.3
31-Jul-1786,138.3
31-Aug-1786,149.5
30-Sep-1786,185.8
31-Oct-1786,187.2
30-Nov-1786,193.3
31-Dec-1786,187.8
31-Jan-1787,224.5
28-Feb-1787,176.7
31-Mar-1787,145.7
30-Apr-1787,212.0
31-May-1787,224.7
30-Jun-1787,165.3
31-Jul-1787,213.3
31-Aug-1787,228.7
30-Sep-1787,262.2
31-Oct-1787,261.7
30-Nov-1787,235.8
31-Dec-1787,290.0
31-Jan-1788,230.0
29-Feb-1788,215.3
31-Mar-1788,238.8
30-Apr-1788,180.8
31-May-1788,188.3
30-Jun-1788,257.0
31-Jul-1788,235.8
31-Aug-1788,226.7
30-Sep-1788,235.0
31-Oct-1788,236.7
30-Nov-1788,157.8
31-Dec-1788,215.8
31-Jan-1789,190.0
28-Feb-1789,208.8
31-Mar-1789,200.0
30-Apr-1789,205.5
31-May-1789,205.8
30-Jun-1789,200.0
31-Jul-1789,195.0
31-Aug-1789,171.7
30-Sep-1789,186.7
31-Oct-1789,149.5
30-Nov-1789,223.3
31-Dec-1789,225.8
31-Jan-1790,171.7
28-Feb-1790,212.5
31-Mar-1790,160.5
30-Apr-1790,156.7
31-May-1790,155.0
30-Jun-1790,151.7
31-Jul-1790,115.5
31-Aug-1790,145.0
30-Sep-1790,128.8
31-Oct-1790,140.5
30-Nov-1790,136.7
31-Dec-1790,123.3
31-Jan-1791,121.2
28-Feb-1791,103.3
31-Mar-1791,123.3
30-Apr-1791,128.7
31-May-1791,122.8
30-Jun-1791,107.0
31-Jul-1791,118.3
31-Aug-1791,71.7
30-Sep-1791,110.8
31-Oct-1791,102.8
30-Nov-1791,111.7
31-Dec-1791,110.0
31-Jan-1792,96.7
29-Feb-1792,106.7
31-Mar-1792,105.0
30-Apr-1792,126.2
31-May-1792,103.3
30-Jun-1792,101.7
31-Jul-1792,76.3
31-Aug-1792,100.0
30-Sep-1792,98.3
31-Oct-1792,98.3
30-Nov-1792,95.0
31-Dec-1792,93.3
31-Jan-1793,93.3
28-Feb-1793,91.7
31-Mar-1793,92.5
30-Apr-1793,88.3
31-May-1793,87.2
30-Jun-1793,85.0
31-Jul-1793,83.3
31-Aug-1793,48.8
30-Sep-1793,40.0
31-Oct-1793,78.3
30-Nov-1793,73.3
31-Dec-1793,76.2
31-Jan-1794,75.0
28-Feb-1794,73.3
31-Mar-1794,63.3
30-Apr-1794,47.3
31-May-1794,92.8
30-Jun-1794,69.2
31-Jul-1794,68.3
31-Aug-1794,66.7
30-Sep-1794,18.5
31-Oct-1794,47.5
30-Nov-1794,112.3
31-Dec-1794,85.7
31-Jan-1795,35.7
28-Feb-1795,66.5
31-Mar-1795,21.0
30-Apr-1795,31.0
31-May-1795,51.7
30-Jun-1795,28.5
31-Jul-1795,21.5
31-Aug-1795,42.8
30-Sep-1795,22.5
31-Oct-1795,32.5
30-Nov-1795,41.7
31-Dec-1795,30.0
31-Jan-1796,36.7
29-Feb-1796,39.7
31-Mar-1796,26.2
30-Apr-1796,52.8
31-May-1796,35.0
30-Jun-1796,11.2
31-Jul-1796,44.8
31-Aug-1796,2.5
30-Sep-1796,30.7
31-Oct-1796,18.3
30-Nov-1796,14.0
31-Dec-1796,8.5
31-Jan-1797,24.0
28-Feb-1797,7.0
31-Mar-1797,6.7
30-Apr-1797,6.7
31-May-1797,12.2
30-Jun-1797,18.5
31-Jul-1797,7.2
31-Aug-1797,10.0
30-Sep-1797,9.5
31-Oct-1797,11.5
30-Nov-1797,9.7
31-Dec-1797,5.0
31-Jan-1798,3.3
28-Feb-1798,6.7
31-Mar-1798,20.7
30-Apr-1798,1.8
31-May-1798,0.0
30-Jun-1798,0.0
31-Jul-1798,0.0
31-Aug-1798,5.0
30-Sep-1798,4.0
31-Oct-1798,2.5
30-Nov-1798,20.8
31-Dec-1798,16.5
31-Jan-1799,2.7
28-Feb-1799,21.0
31-Mar-1799,36.2
30-Apr-1799,14.0
31-May-1799,13.7
30-Jun-1799,17.7
31-Jul-1799,3.5
31-Aug-1799,0.0
30-Sep-1799,0.0
31-Oct-1799,7.7
30-Nov-1799,4.5
31-Dec-1799,14.3
31-Jan-1800,11.5
28-Feb-1800,15.5
31-Mar-1800,23.2
30-Apr-1800,0.0
31-May-1800,8.3
30-Jun-1800,39.5
31-Jul-1800,35.0
31-Aug-1800,32.5
30-Sep-1800,19.2
31-Oct-1800,20.5
30-Nov-1800,17.5
31-Dec-1800,66.8
31-Jan-1801,45.0
28-Feb-1801,48.3
31-Mar-1801,50.0
30-Apr-1801,51.7
31-May-1801,53.3
30-Jun-1801,52.0
31-Jul-1801,58.3
31-Aug-1801,64.5
30-Sep-1801,55.8
31-Oct-1801,54.3
30-Nov-1801,66.3
31-Dec-1801,80.3
31-Jan-1802,79.7
28-Feb-1802,78.3
31-Mar-1802,68.0
30-Apr-1802,70.0
31-May-1802,73.3
30-Jun-1802,76.7
31-Jul-1802,80.0
31-Aug-1802,83.3
30-Sep-1802,86.3
31-Oct-1802,64.2
30-Nov-1802,57.5
31-Dec-1802,83.3
31-Jan-1803,83.3
28-Feb-1803,84.7
31-Mar-1803,49.2
30-Apr-1803,41.7
31-May-1803,73.8
30-Jun-1803,60.0
31-Jul-1803,80.5
31-Aug-1803,56.8
30-Sep-1803,75.5
31-Oct-1803,90.5
30-Nov-1803,85.0
31-Dec-1803,80.0
31-Jan-1804,75.5
29-Feb-1804,80.5
31-Mar-1804,80.0
30-Apr-1804,84.3
31-May-1804,55.7
30-Jun-1804,58.0
31-Jul-1804,49.7
31-Aug-1804,71.8
30-Sep-1804,88.3
31-Oct-1804,103.8
30-Nov-1804,101.7
31-Dec-1804,100.0
31-Jan-1805,101.7
28-Feb-1805,73.5
31-Mar-1805,85.7
30-Apr-1805,62.5
31-May-1805,65.0
30-Jun-1805,67.5
31-Jul-1805,62.7
31-Aug-1805,71.2
30-Sep-1805,74.0
31-Oct-1805,49.0
30-Nov-1805,68.3
31-Dec-1805,63.8
31-Jan-1806,65.0
28-Feb-1806,49.3
31-Mar-1806,54.5
30-Apr-1806,46.2
31-May-1806,44.0
30-Jun-1806,42.7
31-Jul-1806,50.0
31-Aug-1806,43.8
30-Sep-1806,40.0
31-Oct-1806,45.0
30-Nov-1806,41.7
31-Dec-1806,40.0
31-Jan-1807,20.0
28-Feb-1807,20.3
31-Mar-1807,16.0
30-Apr-1807,39.7
31-May-1807,16.7
30-Jun-1807,20.0
31-Jul-1807,21.2
31-Aug-1807,20.0
30-Sep-1807,9.5
31-Oct-1807,13.3
30-Nov-1807,4.3
31-Dec-1807,0.0
31-Jan-1808,0.0
29-Feb-1808,7.5
31-Mar-1808,0.0
30-Apr-1808,20.5
31-May-1808,22.5
30-Jun-1808,22.5
31-Jul-1808,11.2
31-Aug-1808,13.3
30-Sep-1808,19.5
31-Oct-1808,7.8
30-Nov-1808,17.5
31-Dec-1808,20.5
31-Jan-1809,12.0
28-Feb-1809,15.3
31-Mar-1809,1.5
30-Apr-1809,4.2
31-May-1809,3.3
30-Jun-1809,12.8
31-Jul-1809,0.5
31-Aug-1809,0.3
30-Sep-1809,0.7
31-Oct-1809,0.0
30-Nov-1809,0.0
31-Dec-1809,0.0
31-Jan-1810,0.0
28-Feb-1810,0.0
31-Mar-1810,0.0
30-Apr-1810,0.0
31-May-1810,0.0
30-Jun-1810,0.0
31-Jul-1810,0.0
31-Aug-1810,0.0
30-Sep-1810,0.0
31-Oct-1810,0.0
30-Nov-1810,0.0
31-Dec-1810,0.0
31-Jan-1811,0.0
28-Feb-1811,0.0
31-Mar-1811,0.0
30-Apr-1811,0.0
31-May-1811,0.0
30-Jun-1811,0.0
31-Jul-1811,11.0
31-Aug-1811,0.0
30-Sep-1811,4.0
31-Oct-1811,10.2
30-Nov-1811,1.3
31-Dec-1811,1.8
31-Jan-1812,18.8
29-Feb-1812,3.2
31-Mar-1812,1.2
30-Apr-1812,0.0
31-May-1812,1.7
30-Jun-1812,2.2
31-Jul-1812,0.8
31-Aug-1812,26.0
30-Sep-1812,8.7
31-Oct-1812,6.5
30-Nov-1812,13.2
31-Dec-1812,16.8
31-Jan-1813,0.0
28-Feb-1813,17.2
31-Mar-1813,3.2
30-Apr-1813,27.7
31-May-1813,9.2
30-Jun-1813,18.7
31-Jul-1813,30.5
31-Aug-1813,14.0
30-Sep-1813,25.5
31-Oct-1813,46.3
30-Nov-1813,27.8
31-Dec-1813,23.8
31-Jan-1814,37.0
28-Feb-1814,20.0
31-Mar-1814,9.5
30-Apr-1814,39.7
31-May-1814,9.7
30-Jun-1814,24.8
31-Jul-1814,30.8
31-Aug-1814,3.8
30-Sep-1814,13.5
31-Oct-1814,32.2
30-Nov-1814,24.2
31-Dec-1814,33.5
31-Jan-1815,32.0
28-Feb-1815,53.7
31-Mar-1815,43.7
30-Apr-1815,52.7
31-May-1815,16.3
30-Jun-1815,93.2
31-Jul-1815,59.2
31-Aug-1815,78.7
30-Sep-1815,52.5
31-Oct-1815,55.8
30-Nov-1815,62.0
31-Dec-1815,108.3
31-Jan-1816,43.8
29-Feb-1816,114.7
31-Mar-1816,122.8
30-Apr-1816,98.0
31-May-1816,73.8
30-Jun-1816,72.7
31-Jul-1816,64.7
31-Aug-1816,38.7
30-Sep-1816,79.7
31-Oct-1816,94.0
30-Nov-1816,63.5
31-Dec-1816,49.8
31-Jan-1817,60.7
28-Feb-1817,96.5
31-Mar-1817,160.3
30-Apr-1817,44.0
31-May-1817,35.3
30-Jun-1817,66.7
31-Jul-1817,83.3
31-Aug-1817,75.0
30-Sep-1817,61.2
31-Oct-1817,42.7
30-Nov-1817,48.2
31-Dec-1817,47.3
31-Jan-1818,58.1
28-Feb-1818,37.4
31-Mar-1818,42.4
30-Apr-1818,57.5
31-May-1818,88.5
30-Jun-1818,60.8
31-Jul-1818,46.8
31-Aug-1818,52.6
30-Sep-1818,43.4
31-Oct-1818,52.8
30-Nov-1818,18.3
31-Dec-1818,43.0
31-Jan-1819,54.7
28-Feb-1819,34.6
31-Mar-1819,6.3
30-Apr-1819,33.7
31-May-1819,32.6
30-Jun-1819,58.3
31-Jul-1819,52.5
31-Aug-1819,43.5
30-Sep-1819,24.8
31-Oct-1819,45.9
30-Nov-1819,41.8
31-Dec-1819,50.9
31-Jan-1820,32.0
29-Feb-1820,44.4
31-Mar-1820,7.5
30-Apr-1820,32.3
31-May-1820,48.9
30-Jun-1820,17.9
31-Jul-1820,34.1
31-Aug-1820,43.1
30-Sep-1820,8.6
31-Oct-1820,14.9
30-Nov-1820,13.2
31-Dec-1820,15.1
31-Jan-1821,36.0
28-Feb-1821,7.0
31-Mar-1821,9.5
30-Apr-1821,15.2
31-May-1821,2.8
30-Jun-1821,3.0
31-Jul-1821,4.3
31-Aug-1821,8.0
30-Sep-1821,7.3
31-Oct-1821,31.4
30-Nov-1821,7.3
31-Dec-1821,0.4
31-Jan-1822,0.0
28-Feb-1822,1.5
31-Mar-1822,26.9
30-Apr-1822,21.7
31-May-1822,2.4
30-Jun-1822,9.3
31-Jul-1822,13.2
31-Aug-1822,3.4
30-Sep-1822,0.0
31-Oct-1822,0.6
30-Nov-1822,0.0
31-Dec-1822,0.0
31-Jan-1823,0.0
28-Feb-1823,0.0
31-Mar-1823,1.0
30-Apr-1823,0.0
31-May-1823,0.0
30-Jun-1823,0.0
31-Jul-1823,0.8
31-Aug-1823,0.0
30-Sep-1823,0.0
31-Oct-1823,0.0
30-Nov-1823,0.0
31-Dec-1823,34.0
31-Jan-1824,36.0
29-Feb-1824,18.0
31-Mar-1824,0.0
30-Apr-1824,32.3
31-May-1824,4.6
30-Jun-1824,0.0
31-Jul-1824,0.0
31-Aug-1824,2.3
30-Sep-1824,34.3
31-Oct-1824,42.0
30-Nov-1824,0.0
31-Dec-1824,1.4
31-Jan-1825,8.4
28-Feb-1825,25.9
31-Mar-1825,37.4
30-Apr-1825,6.2
31-May-1825,25.8
30-Jun-1825,25.6
31-Jul-1825,51.5
31-Aug-1825,42.8
30-Sep-1825,26.2
31-Oct-1825,26.0
30-Nov-1825,19.6
31-Dec-1825,36.7
31-Jan-1826,29.4
28-Feb-1826,30.2
31-Mar-1826,61.3
30-Apr-1826,40.0
31-May-1826,53.9
30-Jun-1826,61.7
31-Jul-1826,87.5
31-Aug-1826,66.0
30-Sep-1826,31.6
31-Oct-1826,84.4
30-Nov-1826,65.8
31-Dec-1826,113.6
31-Jan-1827,57.7
28-Feb-1827,79.0
31-Mar-1827,96.3
30-Apr-1827,76.7
31-May-1827,93.8
30-Jun-1827,94.4
31-Jul-1827,70.4
31-Aug-1827,89.4
30-Sep-1827,82.6
31-Oct-1827,93.5
30-Nov-1827,80.4
31-Dec-1827,76.8
31-Jan-1828,88.0
29-Feb-1828,107.3
31-Mar-1828,108.5
30-Apr-1828,101.9
31-May-1828,148.6
30-Jun-1828,163.4
31-Jul-1828,90.4
31-Aug-1828,127.3
30-Sep-1828,83.9
31-Oct-1828,91.1
30-Nov-1828,95.0
31-Dec-1828,78.1
31-Jan-1829,71.6
28-Feb-1829,82.3
31-Mar-1829,120.6
30-Apr-1829,158.4
31-May-1829,112.3
30-Jun-1829,123.2
31-Jul-1829,151.5
31-Aug-1829,129.3
30-Sep-1829,88.0
31-Oct-1829,95.3
30-Nov-1829,112.7
31-Dec-1829,94.1
31-Jan-1830,87.0
28-Feb-1830,120.1
31-Mar-1830,141.0
30-Apr-1830,177.3
31-May-1830,110.5
30-Jun-1830,108.4
31-Jul-1830,73.2
31-Aug-1830,84.6
30-Sep-1830,103.4
31-Oct-1830,140.6
30-Nov-1830,135.4
31-Dec-1830,136.8
31-Jan-1831,79.0
28-Feb-1831,83.6
31-Mar-1831,155.8
30-Apr-1831,90.9
31-May-1831,63.4
30-Jun-1831,55.6
31-Jul-1831,75.4
31-Aug-1831,91.6
30-Sep-1831,63.2
31-Oct-1831,77.1
30-Nov-1831,72.5
31-Dec-1831,48.3
31-Jan-1832,51.5
29-Feb-1832,92.6
31-Mar-1832,91.9
30-Apr-1832,44.8
31-May-1832,68.9
30-Jun-1832,44.5
31-Jul-1832,23.3
31-Aug-1832,14.8
30-Sep-1832,13.7
31-Oct-1832,35.2
30-Nov-1832,23.8
31-Dec-1832,45.8
31-Jan-1833,18.7
28-Feb-1833,24.9
31-Mar-1833,19.6
30-Apr-1833,4.6
31-May-1833,21.5
30-Jun-1833,1.7
31-Jul-1833,11.6
31-Aug-1833,9.5
30-Sep-1833,19.3
31-Oct-1833,12.5
30-Nov-1833,9.8
31-Dec-1833,16.6
31-Jan-1834,8.2
28-Feb-1834,30.1
31-Mar-1834,6.5
30-Apr-1834,2.4
31-May-1834,14.8
30-Jun-1834,13.1
31-Jul-1834,14.4
31-Aug-1834,6.6
30-Sep-1834,19.2
31-Oct-1834,41.3
30-Nov-1834,50.9
31-Dec-1834,57.5
31-Jan-1835,12.4
28-Feb-1835,40.7
31-Mar-1835,32.7
30-Apr-1835,102.4
31-May-1835,72.6
30-Jun-1835,55.2
31-Jul-1835,99.6
31-Aug-1835,98.5
30-Sep-1835,168.0
31-Oct-1835,158.6
30-Nov-1835,166.7
31-Dec-1835,129.3
31-Jan-1836,147.6
29-Feb-1836,179.4
31-Mar-1836,163.7
30-Apr-1836,238.0
31-May-1836,185.7
30-Jun-1836,207.9
31-Jul-1836,194.6
31-Aug-1836,179.6
30-Sep-1836,158.5
31-Oct-1836,228.9
30-Nov-1836,201.5
31-Dec-1836,343.8
31-Jan-1837,313.4
28-Feb-1837,292.6
31-Mar-1837,224.3
30-Apr-1837,230.3
31-May-1837,186.1
30-Jun-1837,263.4
31-Jul-1837,271.2
31-Aug-1837,223.5
30-Sep-1837,160.4
31-Oct-1837,206.2
30-Nov-1837,178.4
31-Dec-1837,216.1
31-Jan-1838,241.5
28-Feb-1838,141.3
31-Mar-1838,234.5
30-Apr-1838,211.1
31-May-1838,229.4
30-Jun-1838,157.6
31-Jul-1838,180.4
31-Aug-1838,131.3
30-Sep-1838,122.7
31-Oct-1838,151.5
30-Nov-1838,129.2
31-Dec-1838,132.9
31-Jan-1839,175.9
28-Feb-1839,170.8
31-Mar-1839,129.5
30-Apr-1839,102.9
31-May-1839,89.6
30-Jun-1839,91.2
31-Jul-1839,141.3
31-Aug-1839,218.8
30-Sep-1839,221.1
31-Oct-1839,151.5
30-Nov-1839,114.7
31-Dec-1839,106.2
31-Jan-1840,135.4
29-Feb-1840,146.1
31-Mar-1840,112.9
30-Apr-1840,109.8
31-May-1840,115.4
30-Jun-1840,80.9
31-Jul-1840,101.0
31-Aug-1840,96.4
30-Sep-1840,123.3
31-Oct-1840,91.7
30-Nov-1840,90.4
31-Dec-1840,89.5
31-Jan-1841,40.1
28-Feb-1841,49.9
31-Mar-1841,49.6
30-Apr-1841,66.9
31-May-1841,112.4
30-Jun-1841,92.8
31-Jul-1841,51.4
31-Aug-1841,65.4
30-Sep-1841,60.9
31-Oct-1841,47.4
30-Nov-1841,32.9
31-Dec-1841,64.8
31-Jan-1842,34.0
28-Feb-1842,36.8
31-Mar-1842,36.2
30-Apr-1842,44.9
31-May-1842,41.4
30-Jun-1842,34.2
31-Jul-1842,21.0
31-Aug-1842,44.4
30-Sep-1842,30.6
31-Oct-1842,63.5
30-Nov-1842,67.5
31-Dec-1842,29.3
31-Jan-1843,22.2
28-Feb-1843,5.9
31-Mar-1843,13.9
30-Apr-1843,15.8
31-May-1843,35.1
30-Jun-1843,17.6
31-Jul-1843,15.9
31-Aug-1843,19.6
30-Sep-1843,6.9
31-Oct-1843,8.9
30-Nov-1843,31.7
31-Dec-1843,21.2
31-Jan-1844,15.7
29-Feb-1844,24.5
31-Mar-1844,22.5
30-Apr-1844,34.6
31-May-1844,19.2
30-Jun-1844,6.2
31-Jul-1844,35.2
31-Aug-1844,39.7
30-Sep-1844,11.6
31-Oct-1844,35.9
30-Nov-1844,17.9
31-Dec-1844,36.0
31-Jan-1845,42.8
28-Feb-1845,72.8
31-Mar-1845,72.1
30-Apr-1845,95.0
31-May-1845,79.7
30-Jun-1845,51.8
31-Jul-1845,51.0
31-Aug-1845,53.9
30-Sep-1845,49.3
31-Oct-1845,67.8
30-Nov-1845,65.7
31-Dec-1845,99.5
31-Jan-1846,64.6
28-Feb-1846,84.9
31-Mar-1846,106.5
30-Apr-1846,115.5
31-May-1846,99.9
30-Jun-1846,108.4
31-Jul-1846,77.5
31-Aug-1846,91.3
30-Sep-1846,178.6
31-Oct-1846,93.4
30-Nov-1846,100.6
31-Dec-1846,109.1
31-Jan-1847,104.4
28-Feb-1847,74.9
31-Mar-1847,143.0
30-Apr-1847,74.6
31-May-1847,125.7
30-Jun-1847,142.2
31-Jul-1847,87.1
31-Aug-1847,234.3
30-Sep-1847,268.2
31-Oct-1847,300.6
30-Nov-1847,231.5
31-Dec-1847,182.6
31-Jan-1848,265.2
29-Feb-1848,186.4
31-Mar-1848,181.2
30-Apr-1848,178.6
31-May-1848,170.5
30-Jun-1848,214.9
31-Jul-1848,232.0
31-Aug-1848,220.9
30-Sep-1848,167.3
31-Oct-1848,220.6
30-Nov-1848,191.0
31-Dec-1848,265.8
31-Jan-1849,298.3
28-Feb-1849,250.3
31-Mar-1849,182.7
30-Apr-1849,194.7
31-May-1849,153.2
30-Jun-1849,154.2
31-Jul-1849,148.2
31-Aug-1849,128.6
30-Sep-1849,178.0
31-Oct-1849,135.7
30-Nov-1849,188.2
31-Dec-1849,184.3
31-Jan-1850,148.2
28-Feb-1850,169.8
31-Mar-1850,156.8
30-Apr-1850,83.8
31-May-1850,117.0
30-Jun-1850,133.0
31-Jul-1850,74.3
31-Aug-1850,117.0
30-Sep-1850,163.7
31-Oct-1850,134.9
30-Nov-1850,104.1
31-Dec-1850,115.9
31-Jan-1851,143.5
28-Feb-1851,200.1
31-Mar-1851,122.8
30-Apr-1851,107.3
31-May-1851,118.9
30-Jun-1851,120.0
31-Jul-1851,68.6
31-Aug-1851,109.0
30-Sep-1851,128.9
31-Oct-1851,118.7
30-Nov-1851,96.8
31-Dec-1851,135.5
31-Jan-1852,129.9
29-Feb-1852,126.2
31-Mar-1852,116.2
30-Apr-1852,124.3
31-May-1852,104.3
30-Jun-1852,89.0
31-Jul-1852,80.0
31-Aug-1852,75.3
30-Sep-1852,71.2
31-Oct-1852,127.9
30-Nov-1852,103.1
31-Dec-1852,86.1
31-Jan-1853,77.9
28-Feb-1853,81.5
31-Mar-1853,71.6
30-Apr-1853,90.4
31-May-1853,65.9
30-Jun-1853,76.0
31-Jul-1853,87.2
31-Aug-1853,95.8
30-Sep-1853,63.7
31-Oct-1853,80.5
30-Nov-1853,54.7
31-Dec-1853,44.5
31-Jan-1854,29.3
28-Feb-1854,38.0
31-Mar-1854,39.4
30-Apr-1854,50.3
31-May-1854,45.6
30-Jun-1854,40.1
31-Jul-1854,35.5
31-Aug-1854,30.1
30-Sep-1854,42.6
31-Oct-1854,24.1
30-Nov-1854,53.5
31-Dec-1854,41.1
31-Jan-1855,23.4
28-Feb-1855,21.6
31-Mar-1855,33.0
30-Apr-1855,8.4
31-May-1855,17.3
30-Jun-1855,10.0
31-Jul-1855,0.7
31-Aug-1855,5.9
30-Sep-1855,0.0
31-Oct-1855,18.3
30-Nov-1855,7.9
31-Dec-1855,5.8
31-Jan-1856,1.0
29-Feb-1856,9.3
31-Mar-1856,0.7
30-Apr-1856,12.4
31-May-1856,0.0
30-Jun-1856,9.8
31-Jul-1856,8.8
31-Aug-1856,11.3
30-Sep-1856,8.4
31-Oct-1856,8.5
30-Nov-1856,14.7
31-Dec-1856,13.7
31-Jan-1857,26.0
28-Feb-1857,14.2
31-Mar-1857,10.0
30-Apr-1857,21.1
31-May-1857,54.2
30-Jun-1857,30.5
31-Jul-1857,42.2
31-Aug-1857,32.0
30-Sep-1857,80.6
31-Oct-1857,77.1
30-Nov-1857,59.6
31-Dec-1857,70.7
31-Jan-1858,74.2
28-Feb-1858,66.3
31-Mar-1858,109.2
30-Apr-1858,72.8
31-May-1858,78.6
30-Jun-1858,84.5
31-Jul-1858,107.7
31-Aug-1858,104.9
30-Sep-1858,152.2
31-Oct-1858,173.2
30-Nov-1858,98.6
31-Dec-1858,127.0
31-Jan-1859,159.0
28-Feb-1859,166.4
31-Mar-1859,171.5
30-Apr-1859,162.9
31-May-1859,172.8
30-Jun-1859,165.2
31-Jul-1859,180.7
31-Aug-1859,203.0
30-Sep-1859,200.9
31-Oct-1859,217.8
30-Nov-1859,184.6
31-Dec-1859,153.9
31-Jan-1860,156.6
29-Feb-1860,167.9
31-Mar-1860,188.0
30-Apr-1860,135.7
31-May-1860,203.5
30-Jun-1860,206.3
31-Jul-1860,221.9
31-Aug-1860,190.5
30-Sep-1860,175.2
31-Oct-1860,171.1
30-Nov-1860,186.0
31-Dec-1860,181.7
31-Jan-1861,118.5
28-Feb-1861,147.5
31-Mar-1861,192.0
30-Apr-1861,187.1
31-May-1861,107.8
30-Jun-1861,167.5
31-Jul-1861,148.2
31-Aug-1861,156.7
30-Sep-1861,151.9
31-Oct-1861,127.7
30-Nov-1861,102.0
31-Dec-1861,152.8
31-Jan-1862,119.9
28-Feb-1862,122.4
31-Mar-1862,82.7
30-Apr-1862,102.1
31-May-1862,122.4
30-Jun-1862,159.7
31-Jul-1862,139.5
31-Aug-1862,118.7
30-Sep-1862,126.4
31-Oct-1862,79.8
30-Nov-1862,96.0
31-Dec-1862,77.6
31-Jan-1863,91.8
28-Feb-1863,107.7
31-Mar-1863,126.0
30-Apr-1863,77.1
31-May-1863,102.1
30-Jun-1863,77.6
31-Jul-1863,62.0
31-Aug-1863,91.3
30-Sep-1863,41.7
31-Oct-1863,75.7
30-Nov-1863,71.6
31-Dec-1863,78.1
31-Jan-1864,109.7
29-Feb-1864,89.5
31-Mar-1864,125.9
30-Apr-1864,68.1
31-May-1864,77.1
30-Jun-1864,109.9
31-Jul-1864,103.8
31-Aug-1864,104.1
30-Sep-1864,54.2
31-Oct-1864,64.4
30-Nov-1864,109.3
31-Dec-1864,54.3
31-Jan-1865,92.5
28-Feb-1865,74.6
31-Mar-1865,75.0
30-Apr-1865,55.9
31-May-1865,65.6
30-Jun-1865,63.8
31-Jul-1865,50.8
31-Aug-1865,71.8
30-Sep-1865,41.0
31-Oct-1865,32.5
30-Nov-1865,46.7
31-Dec-1865,24.3
31-Jan-1866,60.0
28-Feb-1866,72.9
31-Mar-1866,46.6
30-Apr-1866,33.5
31-May-1866,24.6
30-Jun-1866,31.4
31-Jul-1866,17.6
31-Aug-1866,24.2
30-Sep-1866,13.9
31-Oct-1866,26.8
30-Nov-1866,17.2
31-Dec-1866,2.9
31-Jan-1867,0.0
28-Feb-1867,1.4
31-Mar-1867,17.4
30-Apr-1867,9.7
31-May-1867,5.5
30-Jun-1867,2.8
31-Jul-1867,9.5
31-Aug-1867,9.1
30-Sep-1867,18.7
31-Oct-1867,25.5
30-Nov-1867,18.1
31-Dec-1867,47.9
31-Jan-1868,25.9
29-Feb-1868,26.3
31-Mar-1868,44.0
30-Apr-1868,61.1
31-May-1868,44.5
30-Jun-1868,51.8
31-Jul-1868,48.3
31-Aug-1868,57.3
30-Sep-1868,78.7
31-Oct-1868,102.8
30-Nov-1868,98.7
31-Dec-1868,112.8
31-Jan-1869,101.6
28-Feb-1869,99.9
31-Mar-1869,88.0
30-Apr-1869,68.4
31-May-1869,173.4
30-Jun-1869,180.7
31-Jul-1869,98.8
31-Aug-1869,132.7
30-Sep-1869,134.5
31-Oct-1869,99.0
30-Nov-1869,130.2
31-Dec-1869,174.1
31-Jan-1870,129.0
28-Feb-1870,191.7
31-Mar-1870,262.7
30-Apr-1870,266.9
31-May-1870,293.6
30-Jun-1870,226.3
31-Jul-1870,220.9
31-Aug-1870,256.5
30-Sep-1870,226.8
31-Oct-1870,244.3
30-Nov-1870,246.0
31-Dec-1870,216.7
31-Jan-1871,147.2
28-Feb-1871,209.0
31-Mar-1871,238.7
30-Apr-1871,270.9
31-May-1871,242.6
30-Jun-1871,152.9
31-Jul-1871,171.8
31-Aug-1871,183.7
30-Sep-1871,133.9
31-Oct-1871,148.5
30-Nov-1871,175.7
31-Dec-1871,150.8
31-Jan-1872,132.7
29-Feb-1872,200.3
31-Mar-1872,147.5
30-Apr-1872,170.4
31-May-1872,179.5
30-Jun-1872,183.3
31-Jul-1872,176.0
31-Aug-1872,155.0
30-Sep-1872,191.1
31-Oct-1872,171.2
30-Nov-1872,186.8
31-Dec-1872,139.9
31-Jan-1873,144.6
28-Feb-1873,178.4
31-Mar-1873,164.0
30-Apr-1873,127.1
31-May-1873,80.0
30-Jun-1873,74.8
31-Jul-1873,111.7
31-Aug-1873,113.8
30-Sep-1873,78.7
31-Oct-1873,78.6
30-Nov-1873,92.5
31-Dec-1873,82.0
31-Jan-1874,101.4
28-Feb-1874,107.1
31-Mar-1874,77.5
30-Apr-1874,53.5
31-May-1874,74.6
30-Jun-1874,63.8
31-Jul-1874,113.2
31-Aug-1874,102.3
30-Sep-1874,46.8
31-Oct-1874,57.4
30-Nov-1874,48.2
31-Dec-1874,48.8
31-Jan-1875,24.4
28-Feb-1875,35.9
31-Mar-1875,56.4
30-Apr-1875,48.6
31-May-1875,19.2
30-Jun-1875,39.9
31-Jul-1875,20.9
31-Aug-1875,24.4
30-Sep-1875,4.0
31-Oct-1875,21.3
30-Nov-1875,29.6
31-Dec-1875,16.5
31-Jan-1876,23.9
29-Feb-1876,25.1
31-Mar-1876,51.1
30-Apr-1876,3.9
31-May-1876,8.5
30-Jun-1876,2.7
31-Jul-1876,25.5
31-Aug-1876,14.8
30-Sep-1876,16.6
31-Oct-1876,23.9
30-Nov-1876,16.6
31-Dec-1876,13.6
31-Jan-1877,40.6
28-Feb-1877,14.5
31-Mar-1877,19.9
30-Apr-1877,26.3
31-May-1877,36.1
30-Jun-1877,23.6
31-Jul-1877,10.0
31-Aug-1877,10.5
30-Sep-1877,28.1
31-Oct-1877,11.2
30-Nov-1877,23.6
31-Dec-1877,3.5
31-Jan-1878,5.5
28-Feb-1878,11.0
31-Mar-1878,13.1
30-Apr-1878,0.2
31-May-1878,9.9
30-Jun-1878,10.7
31-Jul-1878,0.2
31-Aug-1878,0.0
30-Sep-1878,8.8
31-Oct-1878,1.9
30-Nov-1878,6.8
31-Dec-1878,0.9
31-Jan-1879,1.6
28-Feb-1879,0.9
31-Mar-1879,0.0
30-Apr-1879,10.4
31-May-1879,4.0
30-Jun-1879,8.0
31-Jul-1879,12.6
31-Aug-1879,17.9
30-Sep-1879,10.1
31-Oct-1879,20.4
30-Nov-1879,21.9
31-Dec-1879,12.2
31-Jan-1880,40.1
29-Feb-1880,45.4
31-Mar-1880,32.1
30-Apr-1880,32.4
31-May-1880,39.1
30-Jun-1880,56.9
31-Jul-1880,36.5
31-Aug-1880,80.3
30-Sep-1880,110.1
31-Oct-1880,71.7
30-Nov-1880,51.1
31-Dec-1880,49.4
31-Jan-1881,60.6
28-Feb-1881,88.6
31-Mar-1881,85.8
30-Apr-1881,86.1
31-May-1881,72.5
30-Jun-1881,100.8
31-Jul-1881,128.2
31-Aug-1881,97.3
30-Sep-1881,88.6
31-Oct-1881,107.3
30-Nov-1881,91.5
31-Dec-1881,78.8
31-Jan-1882,75.0
28-Feb-1882,115.9
31-Mar-1882,111.5
30-Apr-1882,159.6
31-May-1882,106.9
30-Jun-1882,75.4
31-Jul-1882,75.7
31-Aug-1882,67.5
30-Sep-1882,96.1
31-Oct-1882,98.6
30-Nov-1882,140.6
31-Dec-1882,69.7
31-Jan-1883,101.0
28-Feb-1883,78.2
31-Mar-1883,71.3
30-Apr-1883,136.8
31-May-1883,52.5
30-Jun-1883,127.2
31-Jul-1883,134.4
31-Aug-1883,76.6
30-Sep-1883,87.8
31-Oct-1883,139.6
30-Nov-1883,140.8
31-Dec-1883,126.5
31-Jan-1884,152.6
29-Feb-1884,144.8
31-Mar-1884,145.8
30-Apr-1884,126.9
31-May-1884,110.9
30-Jun-1884,85.3
31-Jul-1884,88.5
31-Aug-1884,93.1
30-Sep-1884,103.1
31-Oct-1884,79.6
30-Nov-1884,60.9
31-Dec-1884,78.6
31-Jan-1885,71.4
28-Feb-1885,119.7
31-Mar-1885,82.9
30-Apr-1885,91.7
31-May-1885,121.6
30-Jun-1885,139.5
31-Jul-1885,110.9
31-Aug-1885,83.5
30-Sep-1885,66.0
31-Oct-1885,64.5
30-Nov-1885,51.6
31-Dec-1885,36.3
31-Jan-1886,49.8
28-Feb-1886,43.2
31-Mar-1886,95.5
30-Apr-1886,72.9
31-May-1886,51.2
30-Jun-1886,45.3
31-Jul-1886,50.4
31-Aug-1886,28.1
30-Sep-1886,35.7
31-Oct-1886,14.4
30-Nov-1886,0.6
31-Dec-1886,21.7
31-Jan-1887,17.0
28-Feb-1887,22.0
31-Mar-1887,7.1
30-Apr-1887,11.6
31-May-1887,33.4
30-Jun-1887,26.1
31-Jul-1887,38.9
31-Aug-1887,35.7
30-Sep-1887,12.4
31-Oct-1887,11.0
30-Nov-1887,11.5
31-Dec-1887,34.5
31-Jan-1888,21.2
29-Feb-1888,11.8
31-Mar-1888,13.1
30-Apr-1888,8.5
31-May-1888,11.7
30-Jun-1888,11.8
31-Jul-1888,5.0
31-Aug-1888,4.6
30-Sep-1888,14.6
31-Oct-1888,3.4
30-Nov-1888,17.9
31-Dec-1888,11.1
31-Jan-1889,1.3
28-Feb-1889,14.2
31-Mar-1889,11.1
30-Apr-1889,7.3
31-May-1889,4.0
30-Jun-1889,10.8
31-Jul-1889,15.8
31-Aug-1889,34.3
30-Sep-1889,10.9
31-Oct-1889,3.4
30-Nov-1889,0.3
31-Dec-1889,11.2
31-Jan-1890,8.8
28-Feb-1890,1.1
31-Mar-1890,8.5
30-Apr-1890,2.7
31-May-1890,7.9
30-Jun-1890,2.2
31-Jul-1890,19.3
31-Aug-1890,14.2
30-Sep-1890,28.6
31-Oct-1890,18.6
30-Nov-1890,15.9
31-Dec-1890,13.1
31-Jan-1891,22.5
28-Feb-1891,36.9
31-Mar-1891,17.2
30-Apr-1891,34.2
31-May-1891,68.5
30-Jun-1891,80.4
31-Jul-1891,98.0
31-Aug-1891,55.1
30-Sep-1891,89.7
31-Oct-1891,86.0
30-Nov-1891,69.8
31-Dec-1891,54.3
31-Jan-1892,115.2
29-Feb-1892,126.1
31-Mar-1892,83.3
30-Apr-1892,116.0
31-May-1892,132.7
30-Jun-1892,127.3
31-Jul-1892,127.6
31-Aug-1892,169.0
30-Sep-1892,104.7
31-Oct-1892,117.5
30-Nov-1892,108.9
31-Dec-1892,131.0
31-Jan-1893,125.0
28-Feb-1893,121.6
31-Mar-1893,109.5
30-Apr-1893,146.8
31-May-1893,141.3
30-Jun-1893,149.8
31-Jul-1893,147.6
31-Aug-1893,215.4
30-Sep-1893,129.9
31-Oct-1893,133.3
30-Nov-1893,125.2
31-Dec-1893,156.4
31-Jan-1894,138.6
28-Feb-1894,141.0
31-Mar-1894,87.1
30-Apr-1894,136.0
31-May-1894,168.7
30-Jun-1894,164.8
31-Jul-1894,176.7
31-Aug-1894,117.1
30-Sep-1894,110.0
31-Oct-1894,125.7
30-Nov-1894,94.3
31-Dec-1894,100.1
31-Jan-1895,105.4
28-Feb-1895,112.0
31-Mar-1895,101.6
30-Apr-1895,128.2
31-May-1895,112.5
30-Jun-1895,119.1
31-Jul-1895,79.7
31-Aug-1895,114.9
30-Sep-1895,96.1
31-Oct-1895,113.2
30-Nov-1895,78.6
31-Dec-1895,117.9
31-Jan-1896,48.4
29-Feb-1896,95.7
31-Mar-1896,86.5
30-Apr-1896,73.0
31-May-1896,46.1
30-Jun-1896,81.7
31-Jul-1896,75.2
31-Aug-1896,45.4
30-Sep-1896,102.2
31-Oct-1896,47.9
30-Nov-1896,63.3
31-Dec-1896,71.0
31-Jan-1897,67.6
28-Feb-1897,49.0
31-Mar-1897,48.7
30-Apr-1897,51.7
31-May-1897,33.3
30-Jun-1897,18.9
31-Jul-1897,46.1
31-Aug-1897,36.4
30-Sep-1897,80.4
31-Oct-1897,23.9
30-Nov-1897,14.0
31-Dec-1897,55.5
31-Jan-1898,50.4
28-Feb-1898,60.7
31-Mar-1898,63.9
30-Apr-1898,24.2
31-May-1898,43.0
30-Jun-1898,37.1
31-Jul-1898,15.0
31-Aug-1898,52.3
30-Sep-1898,58.1
31-Oct-1898,57.1
30-Nov-1898,51.6
31-Dec-1898,21.1
31-Jan-1899,32.4
28-Feb-1899,15.3
31-Mar-1899,30.3
30-Apr-1899,23.6
31-May-1899,12.9
30-Jun-1899,34.1
31-Jul-1899,22.5
31-Aug-1899,4.9
30-Sep-1899,14.0
31-Oct-1899,21.7
30-Nov-1899,13.0
31-Dec-1899,17.6
31-Jan-1900,15.7
28-Feb-1900,22.8
31-Mar-1900,14.4
30-Apr-1900,26.8
31-May-1900,25.3
30-Jun-1900,20.1
31-Jul-1900,13.9
31-Aug-1900,7.1
30-Sep-1900,13.9
31-Oct-1900,21.6
30-Nov-1900,7.5
31-Dec-1900,0.5
31-Jan-1901,0.4
28-Feb-1901,4.0
31-Mar-1901,7.4
30-Apr-1901,0.0
31-May-1901,17.0
30-Jun-1901,9.7
31-Jul-1901,1.2
31-Aug-1901,1.7
30-Sep-1901,0.9
31-Oct-1901,6.3
30-Nov-1901,6.4
31-Dec-1901,0.0
31-Jan-1902,9.3
28-Feb-1902,0.0
31-Mar-1902,20.7
30-Apr-1902,0.0
31-May-1902,4.7
30-Jun-1902,2.4
31-Jul-1902,1.5
31-Aug-1902,3.8
30-Sep-1902,12.6
31-Oct-1902,27.2
30-Nov-1902,17.2
31-Dec-1902,1.8
31-Jan-1903,13.9
28-Feb-1903,28.4
31-Mar-1903,22.5
30-Apr-1903,43.5
31-May-1903,24.3
30-Jun-1903,27.2
31-Jul-1903,46.4
31-Aug-1903,48.0
30-Sep-1903,18.5
31-Oct-1903,64.8
30-Nov-1903,74.2
31-Dec-1903,76.2
31-Jan-1904,52.6
29-Feb-1904,40.8
31-Mar-1904,61.9
30-Apr-1904,71.6
31-May-1904,65.7
30-Jun-1904,69.8
31-Jul-1904,84.3
31-Aug-1904,97.1
30-Sep-1904,50.2
31-Oct-1904,90.4
30-Nov-1904,63.4
31-Dec-1904,91.1
31-Jan-1905,91.2
28-Feb-1905,143.0
31-Mar-1905,94.3
30-Apr-1905,65.5
31-May-1905,79.9
30-Jun-1905,81.6
31-Jul-1905,121.6
31-Aug-1905,98.1
30-Sep-1905,91.8
31-Oct-1905,131.2
30-Nov-1905,178.7
31-Dec-1905,92.5
31-Jan-1906,75.8
28-Feb-1906,52.3
31-Mar-1906,107.4
30-Apr-1906,92.2
31-May-1906,96.2
30-Jun-1906,105.3
31-Jul-1906,172.7
31-Aug-1906,79.6
30-Sep-1906,93.5
31-Oct-1906,29.7
30-Nov-1906,64.8
31-Dec-1906,108.0
31-Jan-1907,127.4
28-Feb-1907,180.3
31-Mar-1907,101.1
30-Apr-1907,87.6
31-May-1907,71.4
30-Jun-1907,67.2
31-Jul-1907,82.9
31-Aug-1907,90.5
30-Sep-1907,141.7
31-Oct-1907,109.1
30-Nov-1907,102.5
31-Dec-1907,78.9
31-Jan-1908,65.4
29-Feb-1908,56.6
31-Mar-1908,47.9
30-Apr-1908,96.1
31-May-1908,68.0
30-Jun-1908,80.2
31-Jul-1908,65.8
31-Aug-1908,150.9
30-Sep-1908,144.9
31-Oct-1908,53.9
30-Nov-1908,75.9
31-Dec-1908,65.9
31-Jan-1909,94.6
28-Feb-1909,77.6
31-Mar-1909,110.5
30-Apr-1909,53.7
31-May-1909,60.0
30-Jun-1909,37.8
31-Jul-1909,59.6
31-Aug-1909,38.5
30-Sep-1909,64.7
31-Oct-1909,97.4
30-Nov-1909,93.0
31-Dec-1909,90.2
31-Jan-1910,44.0
28-Feb-1910,52.5
31-Mar-1910,35.7
30-Apr-1910,14.1
31-May-1910,36.9
30-Jun-1910,20.5
31-Jul-1910,23.5
31-Aug-1910,19.3
30-Sep-1910,43.7
31-Oct-1910,63.9
30-Nov-1910,8.3
31-Dec-1910,9.6
31-Jan-1911,5.6
28-Feb-1911,15.0
31-Mar-1911,13.0
30-Apr-1911,27.6
31-May-1911,15.1
30-Jun-1911,3.7
31-Jul-1911,5.9
31-Aug-1911,6.7
30-Sep-1911,6.7
31-Oct-1911,4.5
30-Nov-1911,7.0
31-Dec-1911,3.7
31-Jan-1912,0.4
29-Feb-1912,0.0
31-Mar-1912,8.2
30-Apr-1912,7.6
31-May-1912,7.4
30-Jun-1912,6.9
31-Jul-1912,4.9
31-Aug-1912,0.5
30-Sep-1912,15.9
31-Oct-1912,7.6
30-Nov-1912,1.9
31-Dec-1912,10.6
31-Jan-1913,3.8
28-Feb-1913,4.8
31-Mar-1913,0.8
30-Apr-1913,1.6
31-May-1913,0.0
30-Jun-1913,0.0
31-Jul-1913,2.9
31-Aug-1913,0.4
30-Sep-1913,2.0
31-Oct-1913,5.2
30-Nov-1913,1.2
31-Dec-1913,6.3
31-Jan-1914,4.7
28-Feb-1914,4.4
31-Mar-1914,5.3
30-Apr-1914,28.9
31-May-1914,8.7
30-Jun-1914,19.1
31-Jul-1914,9.1
31-Aug-1914,12.9
30-Sep-1914,21.2
31-Oct-1914,13.7
30-Nov-1914,27.3
31-Dec-1914,37.3
31-Jan-1915,38.5
28-Feb-1915,70.4
31-Mar-1915,64.8
30-Apr-1915,68.9
31-May-1915,55.1
30-Jun-1915,114.7
31-Jul-1915,119.4
31-Aug-1915,116.0
30-Sep-1915,82.4
31-Oct-1915,89.1
30-Nov-1915,70.9
31-Dec-1915,57.5
31-Jan-1916,75.5
29-Feb-1916,92.4
31-Mar-1916,111.7
30-Apr-1916,119.8
31-May-1916,124.0
30-Jun-1916,112.9
31-Jul-1916,89.3
31-Aug-1916,58.6
30-Sep-1916,75.1
31-Oct-1916,84.5
30-Nov-1916,109.5
31-Dec-1916,88.3
31-Jan-1917,124.5
28-Feb-1917,119.9
31-Mar-1917,158.0
30-Apr-1917,124.6
31-May-1917,190.2
30-Jun-1917,191.4
31-Jul-1917,199.7
31-Aug-1917,257.7
30-Sep-1917,215.6
31-Oct-1917,120.3
30-Nov-1917,160.7
31-Dec-1917,215.5
31-Jan-1918,160.0
28-Feb-1918,108.7
31-Mar-1918,120.4
30-Apr-1918,134.1
31-May-1918,127.9
30-Jun-1918,99.0
31-Jul-1918,179.5
31-Aug-1918,169.6
30-Sep-1918,133.2
31-Oct-1918,141.7
30-Nov-1918,139.0
31-Dec-1918,98.5
31-Jan-1919,80.2
28-Feb-1919,132.5
31-Mar-1919,110.9
30-Apr-1919,86.3
31-May-1919,146.9
30-Jun-1919,185.3
31-Jul-1919,107.8
31-Aug-1919,115.1
30-Sep-1919,91.1
31-Oct-1919,88.0
30-Nov-1919,69.9
31-Dec-1919,58.0
31-Jan-1920,85.3
29-Feb-1920,89.8
31-Mar-1920,116.9
30-Apr-1920,24.7
31-May-1920,55.4
30-Jun-1920,64.6
31-Jul-1920,45.7
31-Aug-1920,31.9
30-Sep-1920,60.5
31-Oct-1920,82.7
30-Nov-1920,45.3
31-Dec-1920,49.8
31-Jan-1921,52.5
28-Feb-1921,47.1
31-Mar-1921,44.5
30-Apr-1921,54.0
31-May-1921,37.0
30-Jun-1921,56.2
31-Jul-1921,69.7
31-Aug-1921,38.0
30-Sep-1921,29.6
31-Oct-1921,30.3
30-Nov-1921,29.6
31-Dec-1921,33.9
31-Jan-1922,19.7
28-Feb-1922,43.9
31-Mar-1922,91.3
30-Apr-1922,18.3
31-May-1922,13.4
30-Jun-1922,9.8
31-Jul-1922,18.3
31-Aug-1922,10.9
30-Sep-1922,7.8
31-Oct-1922,10.4
30-Nov-1922,12.2
31-Dec-1922,29.0
31-Jan-1923,7.5
28-Feb-1923,2.5
31-Mar-1923,5.5
30-Apr-1923,10.2
31-May-1923,5.3
30-Jun-1923,15.3
31-Jul-1923,5.9
31-Aug-1923,0.8
30-Sep-1923,22.1
31-Oct-1923,19.5
30-Nov-1923,16.7
31-Dec-1923,4.6
31-Jan-1924,0.8
29-Feb-1924,8.5
31-Mar-1924,3.0
30-Apr-1924,18.9
31-May-1924,34.6
30-Jun-1924,40.0
31-Jul-1924,46.9
31-Aug-1924,32.1
30-Sep-1924,41.9
31-Oct-1924,42.6
30-Nov-1924,37.5
31-Dec-1924,27.5
31-Jan-1925,9.1
28-Feb-1925,38.6
31-Mar-1925,30.0
30-Apr-1925,53.0
31-May-1925,71.4
30-Jun-1925,79.1
31-Jul-1925,64.2
31-Aug-1925,63.3
30-Sep-1925,100.3
31-Oct-1925,115.3
30-Nov-1925,97.6
31-Dec-1925,164.4
31-Jan-1926,119.7
28-Feb-1926,116.4
31-Mar-1926,104.2
30-Apr-1926,64.2
31-May-1926,107.0
30-Jun-1926,122.4
31-Jul-1926,87.2
31-Aug-1926,102.7
30-Sep-1926,101.4
31-Oct-1926,119.3
30-Nov-1926,100.8
31-Dec-1926,132.4
31-Jan-1927,136.0
28-Feb-1927,155.1
31-Mar-1927,116.1
30-Apr-1927,155.8
31-May-1927,131.9
30-Jun-1927,98.5
31-Jul-1927,91.6
31-Aug-1927,89.6
30-Sep-1927,114.1
31-Oct-1927,105.2
30-Nov-1927,112.1
31-Dec-1927,75.3
31-Jan-1928,139.2
29-Feb-1928,122.4
31-Mar-1928,142.4
30-Apr-1928,134.3
31-May-1928,128.3
30-Jun-1928,152.4
31-Jul-1928,163.4
31-Aug-1928,139.6
30-Sep-1928,149.6
31-Oct-1928,102.3
30-Nov-1928,83.9
31-Dec-1928,98.3
31-Jan-1929,114.8
28-Feb-1929,104.7
31-Mar-1929,83.8
30-Apr-1929,87.9
31-May-1929,97.0
30-Jun-1929,119.9
31-Jul-1929,117.1
31-Aug-1929,109.6
30-Sep-1929,57.3
31-Oct-1929,90.1
30-Nov-1929,135.1
31-Dec-1929,179.9
31-Jan-1930,108.8
28-Feb-1930,83.1
31-Mar-1930,58.4
30-Apr-1930,63.7
31-May-1930,61.4
30-Jun-1930,48.0
31-Jul-1930,36.5
31-Aug-1930,41.5
30-Sep-1930,53.5
31-Oct-1930,57.2
30-Nov-1930,59.4
31-Dec-1930,43.0
31-Jan-1931,24.4
28-Feb-1931,71.8
31-Mar-1931,50.1
30-Apr-1931,52.0
31-May-1931,40.8
30-Jun-1931,25.5
31-Jul-1931,29.0
31-Aug-1931,21.6
30-Sep-1931,31.7
31-Oct-1931,16.6
30-Nov-1931,31.2
31-Dec-1931,29.7
31-Jan-1932,20.1
29-Feb-1932,17.6
31-Mar-1932,18.8
30-Apr-1932,18.7
31-May-1932,29.7
30-Jun-1932,36.9
31-Jul-1932,16.0
31-Aug-1932,11.3
30-Sep-1932,6.6
31-Oct-1932,14.8
30-Nov-1932,13.7
31-Dec-1932,18.5
31-Jan-1933,20.4
28-Feb-1933,36.9
31-Mar-1933,16.8
30-Apr-1933,4.9
31-May-1933,5.3
30-Jun-1933,8.7
31-Jul-1933,4.7
31-Aug-1933,0.4
30-Sep-1933,8.5
31-Oct-1933,5.0
30-Nov-1933,1.0
31-Dec-1933,0.4
31-Jan-1934,5.7
28-Feb-1934,12.9
31-Mar-1934,7.2
30-Apr-1934,18.8
31-May-1934,32.9
30-Jun-1934,11.2
31-Jul-1934,15.3
31-Aug-1934,13.9
30-Sep-1934,6.7
31-Oct-1934,9.5
30-Nov-1934,14.5
31-Dec-1934,25.7
31-Jan-1935,31.1
28-Feb-1935,34.1
31-Mar-1935,38.5
30-Apr-1935,20.4
31-May-1935,45.4
30-Jun-1935,76.2
31-Jul-1935,56.5
31-Aug-1935,50.2
30-Sep-1935,70.1
31-Oct-1935,88.7
30-Nov-1935,107.0
31-Dec-1935,102.5
31-Jan-1936,104.7
29-Feb-1936,123.9
31-Mar-1936,128.4
30-Apr-1936,124.8
31-May-1936,90.9
30-Jun-1936,116.7
31-Jul-1936,87.2
31-Aug-1936,145.0
30-Sep-1936,126.7
31-Oct-1936,148.2
30-Nov-1936,192.3
31-Dec-1936,205.6
31-Jan-1937,220.9
28-Feb-1937,214.1
31-Mar-1937,139.7
30-Apr-1937,182.2
31-May-1937,194.4
30-Jun-1937,217.1
31-Jul-1937,241.8
31-Aug-1937,229.5
30-Sep-1937,167.9
31-Oct-1937,208.2
30-Nov-1937,123.9
31-Dec-1937,147.9
31-Jan-1938,164.0
28-Feb-1938,198.6
31-Mar-1938,144.2
30-Apr-1938,168.4
31-May-1938,212.3
30-Jun-1938,162.6
31-Jul-1938,275.6
31-Aug-1938,192.8
30-Sep-1938,149.3
31-Oct-1938,165.3
30-Nov-1938,203.6
31-Dec-1938,154.7
31-Jan-1939,133.9
28-Feb-1939,129.0
31-Mar-1939,107.8
30-Apr-1939,181.9
31-May-1939,197.3
30-Jun-1939,168.3
31-Jul-1939,162.6
31-Aug-1939,176.3
30-Sep-1939,187.7
31-Oct-1939,146.9
30-Nov-1939,113.7
31-Dec-1939,70.2
31-Jan-1940,84.1
29-Feb-1940,99.1
31-Mar-1940,138.9
30-Apr-1940,101.1
31-May-1940,90.6
30-Jun-1940,139.8
31-Jul-1940,112.5
31-Aug-1940,175.9
30-Sep-1940,110.8
31-Oct-1940,91.5
30-Nov-1940,97.4
31-Dec-1940,113.8
31-Jan-1941,76.1
28-Feb-1941,74.3
31-Mar-1941,77.5
30-Apr-1941,54.6
31-May-1941,49.0
30-Jun-1941,99.6
31-Jul-1941,111.4
31-Aug-1941,100.1
30-Sep-1941,109.8
31-Oct-1941,77.2
30-Nov-1941,64.0
31-Dec-1941,56.2
31-Jan-1942,59.5
28-Feb-1942,87.9
31-Mar-1942,90.4
30-Apr-1942,101.2
31-May-1942,41.8
30-Jun-1942,18.9
31-Jul-1942,29.6
31-Aug-1942,33.7
30-Sep-1942,28.7
31-Oct-1942,32.0
30-Nov-1942,51.3
31-Dec-1942,37.6
31-Jan-1943,20.7
28-Feb-1943,48.1
31-Mar-1943,45.7
30-Apr-1943,43.5
31-May-1943,23.6
30-Jun-1943,12.7
31-Jul-1943,22.0
31-Aug-1943,32.3
30-Sep-1943,16.7
31-Oct-1943,13.0
30-Nov-1943,17.0
31-Dec-1943,31.4
31-Jan-1944,6.1
29-Feb-1944,0.8
31-Mar-1944,18.3
30-Apr-1944,0.4
31-May-1944,4.1
30-Jun-1944,8.2
31-Jul-1944,8.5
31-Aug-1944,27.9
30-Sep-1944,23.7
31-Oct-1944,28.1
30-Nov-1944,17.9
31-Dec-1944,47.4
31-Jan-1945,30.8
28-Feb-1945,21.2
31-Mar-1945,35.9
30-Apr-1945,53.4
31-May-1945,51.0
30-Jun-1945,60.2
31-Jul-1945,71.0
31-Aug-1945,43.1
30-Sep-1945,58.1
31-Oct-1945,114.5
30-Nov-1945,76.6
31-Dec-1945,45.7
31-Jan-1946,79.3
28-Feb-1946,143.8
31-Mar-1946,127.7
30-Apr-1946,126.1
31-May-1946,141.6
30-Jun-1946,122.6
31-Jul-1946,193.7
31-Aug-1946,178.7
30-Sep-1946,157.4
31-Oct-1946,170.5
30-Nov-1946,206.3
31-Dec-1946,202.9
31-Jan-1947,163.7
28-Feb-1947,188.9
31-Mar-1947,183.8
30-Apr-1947,212.1
31-May-1947,285.0
30-Jun-1947,232.1
31-Jul-1947,223.5
31-Aug-1947,267.4
30-Sep-1947,239.9
31-Oct-1947,231.7
30-Nov-1947,181.3
31-Dec-1947,164.9
31-Jan-1948,153.6
29-Feb-1948,122.0
31-Mar-1948,134.3
30-Apr-1948,268.5
31-May-1948,246.4
30-Jun-1948,237.5
31-Jul-1948,201.4
31-Aug-1948,223.7
30-Sep-1948,202.9
31-Oct-1948,192.9
30-Nov-1948,135.6
31-Dec-1948,195.3
31-Jan-1949,168.6
28-Feb-1949,258.0
31-Mar-1949,223.0
30-Apr-1949,208.1
31-May-1949,150.4
30-Jun-1949,172.4
31-Jul-1949,178.3
31-Aug-1949,175.3
30-Sep-1949,205.8
31-Oct-1949,186.3
30-Nov-1949,203.2
31-Dec-1949,166.6
31-Jan-1950,143.9
28-Feb-1950,134.3
31-Mar-1950,155.4
30-Apr-1950,160.6
31-May-1950,150.5
30-Jun-1950,118.3
31-Jul-1950,128.9
31-Aug-1950,120.6
30-Sep-1950,72.7
31-Oct-1950,87.0
30-Nov-1950,77.7
31-Dec-1950,76.7
31-Jan-1951,85.0
28-Feb-1951,84.8
31-Mar-1951,79.3
30-Apr-1951,131.7
31-May-1951,153.7
30-Jun-1951,142.4
31-Jul-1951,87.2
31-Aug-1951,86.5
30-Sep-1951,117.7
31-Oct-1951,73.3
30-Nov-1951,74.2
31-Dec-1951,65.0
31-Jan-1952,57.9
29-Feb-1952,32.4
31-Mar-1952,31.5
30-Apr-1952,41.7
31-May-1952,33.6
30-Jun-1952,52.0
31-Jul-1952,56.1
31-Aug-1952,77.8
30-Sep-1952,40.4
31-Oct-1952,34.2
30-Nov-1952,31.8
31-Dec-1952,48.9
31-Jan-1953,37.9
28-Feb-1953,5.9
31-Mar-1953,14.7
30-Apr-1953,39.6
31-May-1953,18.3
30-Jun-1953,31.5
31-Jul-1953,12.7
31-Aug-1953,33.6
30-Sep-1953,28.0
31-Oct-1953,12.3
30-Nov-1953,2.5
31-Dec-1953,3.9
31-Jan-1954,0.4
28-Feb-1954,0.8
31-Mar-1954,15.8
30-Apr-1954,2.7
31-May-1954,1.2
30-Jun-1954,0.4
31-Jul-1954,7.3
31-Aug-1954,12.6
30-Sep-1954,2.3
31-Oct-1954,10.5
30-Nov-1954,13.4
31-Dec-1954,11.3
31-Jan-1955,33.4
28-Feb-1955,29.9
31-Mar-1955,7.3
30-Apr-1955,16.4
31-May-1955,41.3
30-Jun-1955,45.2
31-Jul-1955,38.2
31-Aug-1955,58.0
30-Sep-1955,60.8
31-Oct-1955,83.0
30-Nov-1955,126.3
31-Dec-1955,108.8
31-Jan-1956,104.1
29-Feb-1956,175.6
31-Mar-1956,167.7
30-Apr-1956,156.7
31-May-1956,193.4
30-Jun-1956,165.1
31-Jul-1956,182.7
31-Aug-1956,240.2
30-Sep-1956,245.4
31-Oct-1956,219.9
30-Nov-1956,285.0
31-Dec-1956,272.0
31-Jan-1957,233.7
28-Feb-1957,184.5
31-Mar-1957,222.8
30-Apr-1957,248.0
31-May-1957,233.0
30-Jun-1957,284.3
31-Jul-1957,265.1
31-Aug-1957,223.7
30-Sep-1957,334.0
31-Oct-1957,359.4
30-Nov-1957,298.6
31-Dec-1957,339.0
31-Jan-1958,286.7
28-Feb-1958,233.6
31-Mar-1958,270.0
30-Apr-1958,277.6
31-May-1958,248.2
30-Jun-1958,242.9
31-Jul-1958,271.0
31-Aug-1958,283.5
30-Sep-1958,285.1
31-Oct-1958,256.9
30-Nov-1958,215.6
31-Dec-1958,265.7
31-Jan-1959,307.7
28-Feb-1959,202.6
31-Mar-1959,263.0
30-Apr-1959,231.3
31-May-1959,243.6
30-Jun-1959,238.9
31-Jul-1959,211.9
31-Aug-1959,282.6
30-Sep-1959,205.6
31-Oct-1959,157.7
30-Nov-1959,175.6
31-Dec-1959,177.1
31-Jan-1960,207.2
29-Feb-1960,149.9
31-Mar-1960,144.6
30-Apr-1960,172.7
31-May-1960,169.3
30-Jun-1960,156.0
31-Jul-1960,172.4
31-Aug-1960,190.0
30-Sep-1960,180.1
31-Oct-1960,117.3
30-Nov-1960,126.9
31-Dec-1960,121.2
31-Jan-1961,82.1
28-Feb-1961,65.4
31-Mar-1961,75.2
30-Apr-1961,86.9
31-May-1961,72.3
30-Jun-1961,109.5
31-Jul-1961,99.3
31-Aug-1961,79.2
30-Sep-1961,90.1
31-Oct-1961,53.7
30-Nov-1961,46.5
31-Dec-1961,56.9
31-Jan-1962,55.1
28-Feb-1962,71.7
31-Mar-1962,64.9
30-Apr-1962,65.9
31-May-1962,61.9
30-Jun-1962,59.6
31-Jul-1962,31.4
31-Aug-1962,31.5
30-Sep-1962,72.7
31-Oct-1962,56.1
30-Nov-1962,38.8
31-Dec-1962,33.2
31-Jan-1963,28.7
28-Feb-1963,35.2
31-Mar-1963,24.8
30-Apr-1963,41.7
31-May-1963,61.1
30-Jun-1963,51.2
31-Jul-1963,28.7
31-Aug-1963,47.5
30-Sep-1963,55.2
31-Oct-1963,50.1
30-Nov-1963,33.7
31-Dec-1963,21.6
31-Jan-1964,22.6
29-Feb-1964,25.3
31-Mar-1964,24.1
30-Apr-1964,12.9
31-May-1964,14.3
30-Jun-1964,13.5
31-Jul-1964,4.8
31-Aug-1964,13.8
30-Sep-1964,7.0
31-Oct-1964,9.2
30-Nov-1964,11.1
31-Dec-1964,22.1
31-Jan-1965,25.4
28-Feb-1965,20.8
31-Mar-1965,17.5
30-Apr-1965,10.2
31-May-1965,34.5
30-Jun-1965,23.3
31-Jul-1965,17.3
31-Aug-1965,13.3
30-Sep-1965,24.5
31-Oct-1965,29.1
30-Nov-1965,22.8
31-Dec-1965,24.7
31-Jan-1966,40.3
28-Feb-1966,35.3
31-Mar-1966,36.4
30-Apr-1966,69.0
31-May-1966,64.2
30-Jun-1966,67.7
31-Jul-1966,80.2
31-Aug-1966,72.6
30-Sep-1966,71.1
31-Oct-1966,81.2
30-Nov-1966,81.0
31-Dec-1966,99.8
31-Jan-1967,157.0
28-Feb-1967,132.6
31-Mar-1967,158.3
30-Apr-1967,98.4
31-May-1967,122.5
30-Jun-1967,95.4
31-Jul-1967,129.5
31-Aug-1967,151.8
30-Sep-1967,108.7
31-Oct-1967,125.0
30-Nov-1967,133.6
31-Dec-1967,179.0
31-Jan-1968,172.5
29-Feb-1968,158.5
31-Mar-1968,130.5
30-Apr-1968,115.0
31-May-1968,180.0
30-Jun-1968,156.2
31-Jul-1968,136.2
31-Aug-1968,154.8
30-Sep-1968,166.0
31-Oct-1968,152.5
30-Nov-1968,121.7
31-Dec-1968,155.5
31-Jan-1969,147.8
28-Feb-1969,170.5
31-Mar-1969,192.3
30-Apr-1969,151.1
31-May-1969,169.9
30-Jun-1969,150.1
31-Jul-1969,137.1
31-Aug-1969,138.8
30-Sep-1969,129.3
31-Oct-1969,135.4
30-Nov-1969,132.4
31-Dec-1969,138.6
31-Jan-1970,157.9
28-Feb-1970,180.8
31-Mar-1970,145.7
30-Apr-1970,155.1
31-May-1970,180.5
30-Jun-1970,151.3
31-Jul-1970,159.3
31-Aug-1970,131.7
30-Sep-1970,140.8
31-Oct-1970,122.6
30-Nov-1970,134.8
31-Dec-1970,118.2
31-Jan-1971,129.2
28-Feb-1971,111.8
31-Mar-1971,85.9
30-Apr-1971,101.6
31-May-1971,81.5
30-Jun-1971,70.7
31-Jul-1971,114.7
31-Aug-1971,87.0
30-Sep-1971,71.3
31-Oct-1971,73.4
30-Nov-1971,89.5
31-Dec-1971,116.5
31-Jan-1972,87.0
29-Feb-1972,125.3
31-Mar-1972,113.5
30-Apr-1972,89.6
31-May-1972,113.9
30-Jun-1972,124.7
31-Jul-1972,108.3
31-Aug-1972,108.9
30-Sep-1972,90.7
31-Oct-1972,86.9
30-Nov-1972,59.2
31-Dec-1972,64.3
31-Jan-1973,61.8
28-Feb-1973,60.9
31-Mar-1973,65.4
30-Apr-1973,81.8
31-May-1973,60.3
30-Jun-1973,56.1
31-Jul-1973,33.2
31-Aug-1973,36.6
30-Sep-1973,84.1
31-Oct-1973,43.7
30-Nov-1973,34.3
31-Dec-1973,33.3
31-Jan-1974,39.4
28-Feb-1974,37.3
31-Mar-1974,30.9
30-Apr-1974,57.5
31-May-1974,56.3
30-Jun-1974,51.5
31-Jul-1974,79.1
31-Aug-1974,47.9
30-Sep-1974,57.2
31-Oct-1974,67.2
30-Nov-1974,35.9
31-Dec-1974,29.6
31-Jan-1975,27.3
28-Feb-1975,16.7
31-Mar-1975,16.9
30-Apr-1975,7.7
31-May-1975,13.1
30-Jun-1975,16.7
31-Jul-1975,40.4
31-Aug-1975,56.7
30-Sep-1975,20.3
31-Oct-1975,13.6
30-Nov-1975,27.9
31-Dec-1975,11.6
31-Jan-1976,11.9
29-Feb-1976,6.4
31-Mar-1976,31.5
30-Apr-1976,27.3
31-May-1976,18.2
30-Jun-1976,17.9
31-Jul-1976,2.9
31-Aug-1976,24.1
30-Sep-1976,20.0
31-Oct-1976,29.7
30-Nov-1976,7.9
31-Dec-1976,22.3
31-Jan-1977,23.8
28-Feb-1977,33.3
31-Mar-1977,13.0
30-Apr-1977,19.0
31-May-1977,27.0
30-Jun-1977,54.9
31-Jul-1977,30.6
31-Aug-1977,43.0
30-Sep-1977,62.4
31-Oct-1977,62.1
30-Nov-1977,41.6
31-Dec-1977,61.4
31-Jan-1978,73.7
28-Feb-1978,132.6
31-Mar-1978,108.4
30-Apr-1978,141.2
31-May-1978,117.1
30-Jun-1978,134.6
31-Jul-1978,99.7
31-Aug-1978,82.4
30-Sep-1978,195.7
31-Oct-1978,177.1
30-Nov-1978,138.5
31-Dec-1978,173.9
31-Jan-1979,235.9
28-Feb-1979,194.7
31-Mar-1979,195.3
30-Apr-1979,143.7
31-May-1979,190.3
30-Jun-1979,211.7
31-Jul-1979,225.7
31-Aug-1979,201.4
30-Sep-1979,266.9
31-Oct-1979,263.6
30-Nov-1979,259.5
31-Dec-1979,249.6
31-Jan-1980,226.1
29-Feb-1980,219.4
31-Mar-1980,178.7
30-Apr-1980,232.2
31-May-1980,254.7
30-Jun-1980,222.7
31-Jul-1980,192.9
31-Aug-1980,191.7
30-Sep-1980,219.6
31-Oct-1980,233.3
30-Nov-1980,209.5
31-Dec-1980,246.9
31-Jan-1981,156.6
28-Feb-1981,189.9
31-Mar-1981,196.6
30-Apr-1981,225.3
31-May-1981,194.7
30-Jun-1981,131.6
31-Jul-1981,205.3
31-Aug-1981,242.5
30-Sep-1981,245.3
31-Oct-1981,216.2
30-Nov-1981,186.0
31-Dec-1981,195.4
31-Jan-1982,149.8
28-Feb-1982,230.9
31-Mar-1982,221.1
30-Apr-1982,170.3
31-May-1982,119.3
30-Jun-1982,163.7
31-Jul-1982,139.4
31-Aug-1982,161.9
30-Sep-1982,167.4
31-Oct-1982,134.3
30-Nov-1982,127.5
31-Dec-1982,169.0
31-Jan-1983,115.5
28-Feb-1983,73.1
31-Mar-1983,88.7
30-Apr-1983,109.6
31-May-1983,132.5
30-Jun-1983,131.5
31-Jul-1983,108.9
31-Aug-1983,96.0
30-Sep-1983,69.9
31-Oct-1983,72.5
30-Nov-1983,45.7
31-Dec-1983,45.6
31-Jan-1984,74.8
29-Feb-1984,110.2
31-Mar-1984,116.7
30-Apr-1984,90.4
31-May-1984,96.9
30-Jun-1984,65.1
31-Jul-1984,55.7
31-Aug-1984,35.0
30-Sep-1984,22.6
31-Oct-1984,12.6
30-Nov-1984,26.5
31-Dec-1984,21.4
31-Jan-1985,17.8
28-Feb-1985,20.7
31-Mar-1985,16.9
30-Apr-1985,20.4
31-May-1985,32.4
30-Jun-1985,28.3
31-Jul-1985,39.9
31-Aug-1985,10.1
30-Sep-1985,4.3
31-Oct-1985,22.0
30-Nov-1985,17.9
31-Dec-1985,15.8
31-Jan-1986,2.8
28-Feb-1986,27.9
31-Mar-1986,13.8
30-Apr-1986,22.4
31-May-1986,16.1
30-Jun-1986,0.6
31-Jul-1986,18.1
31-Aug-1986,9.9
30-Sep-1986,5.1
31-Oct-1986,40.1
30-Nov-1986,15.4
31-Dec-1986,5.8
31-Jan-1987,9.8
28-Feb-1987,3.4
31-Mar-1987,17.4
30-Apr-1987,46.0
31-May-1987,39.1
30-Jun-1987,18.8
31-Jul-1987,38.2
31-Aug-1987,47.9
30-Sep-1987,42.2
31-Oct-1987,63.4
30-Nov-1987,48.8
31-Dec-1987,29.1
31-Jan-1988,70.5
29-Feb-1988,45.4
31-Mar-1988,91.2
30-Apr-1988,108.8
31-May-1988,74.2
30-Jun-1988,124.3
31-Jul-1988,131.4
31-Aug-1988,139.4
30-Sep-1988,142.7
31-Oct-1988,156.5
30-Nov-1988,156.8
31-Dec-1988,231.2
31-Jan-1989,210.1
28-Feb-1989,208.7
31-Mar-1989,170.4
30-Apr-1989,166.3
31-May-1989,195.4
30-Jun-1989,284.5
31-Jul-1989,180.5
31-Aug-1989,232.0
30-Sep-1989,225.1
31-Oct-1989,212.2
30-Nov-1989,238.2
31-Dec-1989,211.4
31-Jan-1990,227.4
28-Feb-1990,171.8
31-Mar-1990,191.7
30-Apr-1990,189.7
31-May-1990,175.2
30-Jun-1990,153.3
31-Jul-1990,191.1
31-Aug-1990,252.1
30-Sep-1990,169.1
31-Oct-1990,199.4
30-Nov-1990,178.8
31-Dec-1990,197.1
31-Jan-1991,195.3
28-Feb-1991,240.3
31-Mar-1991,197.0
30-Apr-1991,197.6
31-May-1991,166.9
30-Jun-1991,224.7
31-Jul-1991,240.2
31-Aug-1991,240.8
30-Sep-1991,168.9
31-Oct-1991,197.1
30-Nov-1991,159.5
31-Dec-1991,212.6
31-Jan-1992,198.3
29-Feb-1992,230.7
31-Mar-1992,151.0
30-Apr-1992,142.2
31-May-1992,94.3
30-Jun-1992,98.5
31-Jul-1992,114.2
31-Aug-1992,91.9
30-Sep-1992,94.0
31-Oct-1992,133.4
30-Nov-1992,129.6
31-Dec-1992,122.0
31-Jan-1993,81.4
28-Feb-1993,127.8
31-Mar-1993,102.4
30-Apr-1993,94.4
31-May-1993,78.8
30-Jun-1993,69.6
31-Jul-1993,80.4
31-Aug-1993,62.5
30-Sep-1993,31.2
31-Oct-1993,71.1
30-Nov-1993,48.2
31-Dec-1993,68.4
31-Jan-1994,84.9
28-Feb-1994,54.9
31-Mar-1994,47.5
30-Apr-1994,27.4
31-May-1994,29.8
30-Jun-1994,39.7
31-Jul-1994,50.6
31-Aug-1994,34.3
30-Sep-1994,40.5
31-Oct-1994,67.1
30-Nov-1994,29.5
31-Dec-1994,32.2
31-Jan-1995,32.6
28-Feb-1995,45.8
31-Mar-1995,46.3
30-Apr-1995,21.6
31-May-1995,19.4
30-Jun-1995,22.5
31-Jul-1995,20.4
31-Aug-1995,18.2
30-Sep-1995,15.7
31-Oct-1995,30.6
30-Nov-1995,14.0
31-Dec-1995,14.9
31-Jan-1996,13.3
29-Feb-1996,7.7
31-Mar-1996,12.6
30-Apr-1996,6.8
31-May-1996,7.6
30-Jun-1996,16.5
31-Jul-1996,11.8
31-Aug-1996,19.7
30-Sep-1996,3.0
31-Oct-1996,0.7
30-Nov-1996,24.9
31-Dec-1996,14.0
31-Jan-1997,7.4
28-Feb-1997,11.0
31-Mar-1997,12.1
30-Apr-1997,23.0
31-May-1997,25.4
30-Jun-1997,20.8
31-Jul-1997,12.9
31-Aug-1997,35.7
30-Sep-1997,59.7
31-Oct-1997,32.8
30-Nov-1997,50.4
31-Dec-1997,55.5
31-Jan-1998,44.5
28-Feb-1998,50.2
31-Mar-1998,82.0
30-Apr-1998,70.6
31-May-1998,74.0
30-Jun-1998,90.5
31-Jul-1998,96.7
31-Aug-1998,121.1
30-Sep-1998,132.0
31-Oct-1998,78.5
30-Nov-1998,97.3
31-Dec-1998,119.2
31-Jan-1999,86.0
28-Feb-1999,98.0
31-Mar-1999,103.5
30-Apr-1999,93.6
31-May-1999,149.6
30-Jun-1999,207.2
31-Jul-1999,173.5
31-Aug-1999,142.3
30-Sep-1999,106.3
31-Oct-1999,168.7
30-Nov-1999,188.3
31-Dec-1999,116.8
31-Jan-2000,133.1
29-Feb-2000,165.7
31-Mar-2000,217.7
30-Apr-2000,191.5
31-May-2000,165.9
30-Jun-2000,188.0
31-Jul-2000,244.3
31-Aug-2000,180.5
30-Sep-2000,156.0
31-Oct-2000,141.6
30-Nov-2000,158.1
31-Dec-2000,143.3
31-Jan-2001,142.6
28-Feb-2001,121.5
31-Mar-2001,165.8
30-Apr-2001,161.7
31-May-2001,142.1
30-Jun-2001,202.9
31-Jul-2001,123.0
31-Aug-2001,161.5
30-Sep-2001,238.2
31-Oct-2001,194.1
30-Nov-2001,176.6
31-Dec-2001,213.4
31-Jan-2002,184.6
28-Feb-2002,170.2
31-Mar-2002,147.1
30-Apr-2002,186.9
31-May-2002,187.5
30-Jun-2002,128.8
31-Jul-2002,161.0
31-Aug-2002,175.6
30-Sep-2002,187.9
31-Oct-2002,151.2
30-Nov-2002,147.2
31-Dec-2002,135.3
31-Jan-2003,133.5
28-Feb-2003,75.7
31-Mar-2003,100.7
30-Apr-2003,97.9
31-May-2003,86.8
30-Jun-2003,118.7
31-Jul-2003,128.3
31-Aug-2003,115.4
30-Sep-2003,78.5
31-Oct-2003,97.8
30-Nov-2003,82.9
31-Dec-2003,72.2
31-Jan-2004,60.6
29-Feb-2004,74.6
31-Mar-2004,74.8
30-Apr-2004,59.2
31-May-2004,72.8
30-Jun-2004,66.5
31-Jul-2004,83.8
31-Aug-2004,69.7
30-Sep-2004,48.8
31-Oct-2004,74.2
30-Nov-2004,70.1
31-Dec-2004,28.9
31-Jan-2005,48.1
28-Feb-2005,43.5
31-Mar-2005,39.6
30-Apr-2005,38.7
31-May-2005,61.9
30-Jun-2005,56.8
31-Jul-2005,62.4
31-Aug-2005,60.5
30-Sep-2005,37.2
31-Oct-2005,13.2
30-Nov-2005,27.5
31-Dec-2005,59.3
31-Jan-2006,20.9
28-Feb-2006,5.7
31-Mar-2006,17.3
30-Apr-2006,50.3
31-May-2006,37.2
30-Jun-2006,24.5
31-Jul-2006,22.2
31-Aug-2006,20.8
30-Sep-2006,23.7
31-Oct-2006,14.9
30-Nov-2006,35.7
31-Dec-2006,22.3
31-Jan-2007,29.3
28-Feb-2007,18.4
31-Mar-2007,7.2
30-Apr-2007,5.4
31-May-2007,19.5
30-Jun-2007,21.3
31-Jul-2007,15.1
31-Aug-2007,9.8
30-Sep-2007,4.0
31-Oct-2007,1.5
30-Nov-2007,2.8
31-Dec-2007,17.3
31-Jan-2008,4.1
29-Feb-2008,2.9
31-Mar-2008,15.5
30-Apr-2008,3.6
31-May-2008,4.6
30-Jun-2008,5.2
31-Jul-2008,0.6
31-Aug-2008,0.3
30-Sep-2008,1.2
31-Oct-2008,4.2
30-Nov-2008,6.6
31-Dec-2008,1.0
31-Jan-2009,1.3
28-Feb-2009,1.2
31-Mar-2009,0.6
30-Apr-2009,1.2
31-May-2009,2.9
30-Jun-2009,6.3
31-Jul-2009,5.5
31-Aug-2009,0.0
30-Sep-2009,7.1
31-Oct-2009,7.7
30-Nov-2009,6.9
31-Dec-2009,16.3
31-Jan-2010,19.5
28-Feb-2010,28.5
31-Mar-2010,24.0
30-Apr-2010,10.4
31-May-2010,13.9
30-Jun-2010,18.8
31-Jul-2010,25.2
31-Aug-2010,29.6
30-Sep-2010,36.4
31-Oct-2010,33.6
30-Nov-2010,34.4
31-Dec-2010,24.5
31-Jan-2011,27.3
28-Feb-2011,48.3
31-Mar-2011,78.6
30-Apr-2011,76.1
31-May-2011,58.2
30-Jun-2011,56.1
31-Jul-2011,64.5
31-Aug-2011,65.8
30-Sep-2011,120.1
31-Oct-2011,125.7
30-Nov-2011,139.1
31-Dec-2011,109.3
31-Jan-2012,94.4
29-Feb-2012,47.8
31-Mar-2012,86.6
30-Apr-2012,85.9
31-May-2012,96.5
30-Jun-2012,92.0
31-Jul-2012,100.1
31-Aug-2012,94.8
30-Sep-2012,93.7
31-Oct-2012,76.5
30-Nov-2012,87.6
31-Dec-2012,56.8
31-Jan-2013,96.1
28-Feb-2013,60.9
31-Mar-2013,78.3
30-Apr-2013,107.3
31-May-2013,120.2
30-Jun-2013,76.7
31-Jul-2013,86.2
31-Aug-2013,91.8
30-Sep-2013,54.5
31-Oct-2013,114.4
30-Nov-2013,113.9
31-Dec-2013,124.2
31-Jan-2014,117.0
28-Feb-2014,146.1
31-Mar-2014,128.7
30-Apr-2014,112.5
31-May-2014,112.5
30-Jun-2014,102.9
31-Jul-2014,100.2
31-Aug-2014,106.9
30-Sep-2014,130.0
31-Oct-2014,90.0
30-Nov-2014,103.6
31-Dec-2014,112.9
31-Jan-2015,93.0
28-Feb-2015,66.7
31-Mar-2015,54.5
30-Apr-2015,75.3
31-May-2015,88.8
30-Jun-2015,66.5
31-Jul-2015,65.8
31-Aug-2015,64.4
30-Sep-2015,78.6
31-Oct-2015,63.6
30-Nov-2015,62.2
31-Dec-2015,58.0
31-Jan-2016,57.0
29-Feb-2016,56.4
31-Mar-2016,54.1
30-Apr-2016,37.9
31-May-2016,51.5
30-Jun-2016,20.5
31-Jul-2016,32.4
31-Aug-2016,50.2
30-Sep-2016,44.6
31-Oct-2016,33.4
30-Nov-2016,21.4
31-Dec-2016,18.5
31-Jan-2017,26.1
28-Feb-2017,26.4
31-Mar-2017,17.7
30-Apr-2017,32.3
31-May-2017,18.9
30-Jun-2017,19.2
31-Jul-2017,17.8
31-Aug-2017,32.6
30-Sep-2017,43.7
31-Oct-2017,13.2
30-Nov-2017,5.7
31-Dec-2017,8.2
31-Jan-2018,6.8
28-Feb-2018,10.7
31-Mar-2018,2.5
30-Apr-2018,8.9
31-May-2018,13.1
30-Jun-2018,15.6
31-Jul-2018,1.6
31-Aug-2018,8.7
30-Sep-2018,3.3
31-Oct-2018,4.9
30-Nov-2018,4.9
31-Dec-2018,3.1
31-Jan-2019,7.7
28-Feb-2019,0.8
31-Mar-2019,9.4
30-Apr-2019,9.1
31-May-2019,9.9
30-Jun-2019,1.2
31-Jul-2019,0.9
31-Aug-2019,0.5
30-Sep-2019,1.1
31-Oct-2019,0.4
30-Nov-2019,0.5
31-Dec-2019,1.5
31-Jan-2020,6.2
29-Feb-2020,0.2
31-Mar-2020,1.5
30-Apr-2020,5.2
31-May-2020,0.2
30-Jun-2020,5.8
31-Jul-2020,6.1
31-Aug-2020,7.5
30-Sep-2020,0.6
31-Oct-2020,14.6
30-Nov-2020,34.5
31-Dec-2020,23.1
31-Jan-2021,10.4
28-Feb-2021,8.2
31-Mar-2021,17.2
30-Apr-2021,24.5
31-May-2021,21.2
30-Jun-2021,25.0
31-Jul-2021,34.3
31-Aug-2021,22.0
30-Sep-2021,51.3
31-Oct-2021,37.4
30-Nov-2021,34.8
31-Dec-2021,67.5
31-Jan-2022,55.3
28-Feb-2022,60.9
31-Mar-2022,78.6
30-Apr-2022,84.0
31-May-2022,96.5
30-Jun-2022,70.3
31-Jul-2022,91.4
31-Aug-2022,74.6
30-Sep-2022,96.0
31-Oct-2022,95.5
30-Nov-2022,80.5
31-Dec-2022,112.8
31-Jan-2023,144.4
28-Feb-2023,111.3
31-Mar-2023,123.3
30-Apr-2023,97.6
31-May-2023,137.4
30-Jun-2023,160.5
31-Jul-2023,160.0
31-Aug-2023,114.8
30-Sep-2023,134.2
31-Oct-2023,99.9
30-Nov-2023,107.1
31-Dec-2023,113.5
31-Jan-2024,126.0
29-Feb-2024,123.0
31-Mar-2024,103.7
30-Apr-2024,137.0
31-May-2024,172.1
30-Jun-2024,164.1
31-Jul-2024,196.8
31-Aug-2024,216.0
30-Sep-2024,141.1
31-Oct-2024,165.8
30-Nov-2024,154.1
31-Dec-2024,154.6
31-Jan-2025,137.0
28-Feb-2025,155.7
31-Mar-2025,134.2
30-Apr-2025,141.4
31-May-2025,78.5
30-Jun-2025,114.6
31-Jul-2025,125.9
31-Aug-2025,133.7
30-Sep-2025,129.7
31-Oct-2025,114.8
30-Nov-2025,91.7
31-Dec-2025,124.2
31-Jan-2026,112.5
28-Feb-2026,78.2
31-Mar-2026,85.9
