period,breakeven_published
1948-Q1,49281.144935758035
1948-Q2,43559.72542400402
1948-Q3,46807.46544961062
1948-Q4,47147.808942751355
1949-Q1,49881.0385766141
1949-Q2,51684.831691241336
1949-Q3,54180.15645604902
1949-Q4,51910.54374751663
1950-Q1,43434.96943087046
1950-Q2,29508.17780899093
1950-Q3,13162.460849434743
1950-Q4,-303.4816825717158
1951-Q1,-5080.362758861396
1951-Q2,-1672.2055274633617
1951-Q3,9211.80156257522
1951-Q4,23721.030763164057
1952-Q1,36932.80391625701
1952-Q2,47462.65213869113
1952-Q3,54049.080641845685
1952-Q4,57447.9756805069
1953-Q1,59230.87623054422
1953-Q2,60259.572021948865
1953-Q3,60405.84533164021
1953-Q4,61454.74181752722
1954-Q1,62111.17257095145
1954-Q2,63278.85130887009
1954-Q3,64721.13253155365
1954-Q4,65620.73790854598
1955-Q1,66021.72404734304
1955-Q2,66013.70513076975
1955-Q3,64771.31197712113
1955-Q4,62992.083921048696
1956-Q1,61172.865429982325
1956-Q2,59990.8689949609
1956-Q3,59978.05159313219
1956-Q4,61506.879083717446
1957-Q1,63516.73467530436
1957-Q2,65580.86135674978
1957-Q3,66854.53528124734
1957-Q4,67859.32667446221
1958-Q1,68031.13695146324
1958-Q2,68603.59204462302
1958-Q3,70192.32125840179
1958-Q4,72046.93953511097
1959-Q1,76688.24080048634
1959-Q2,80497.68954327126
1959-Q3,82913.88580213854
1959-Q4,84966.76006952714
1960-Q1,85556.87565191025
1960-Q2,82477.77868569287
1960-Q3,80124.87850648043
1960-Q4,76566.29712458464
1961-Q1,70121.66425244095
1961-Q2,65093.16558919616
1961-Q3,62162.90688258111
1961-Q4,62800.95474593438
1962-Q1,68974.36005741775
1962-Q2,79602.83721092322
1962-Q3,91287.20582641638
1962-Q4,99922.74253145629
1963-Q1,104469.00920804523
1963-Q2,104698.22825517767
1963-Q3,103091.59254272837
1963-Q4,101359.26949632022
1964-Q1,101319.35580059713
1964-Q2,102168.32535982871
1964-Q3,102520.84122523475
1964-Q4,101788.97834238592
1965-Q1,98945.11515724573
1965-Q2,94878.41547197878
1965-Q3,89845.53031522727
1965-Q4,85480.8382901043
1966-Q1,82689.04434467076
1966-Q2,82746.55592249593
1966-Q3,86581.26957699339
1966-Q4,93095.80876649237
1967-Q1,100921.08622286303
1967-Q2,108102.6497457586
1967-Q3,113731.74485364629
1967-Q4,117022.09200711721
1968-Q1,118993.92458667446
1968-Q2,120840.54914950559
1968-Q3,123505.6808245578
1968-Q4,127313.65262091564
1969-Q1,131615.99685600898
1969-Q2,137253.93375418207
1969-Q3,143964.4709451137
1969-Q4,152082.3927015402
1970-Q1,160060.58461228583
1970-Q2,168286.79578127444
1970-Q3,174901.21830931044
1970-Q4,180042.07489352633
1971-Q1,183172.4560413698
1971-Q2,185418.48213988
1971-Q3,186722.92897507324
1971-Q4,186984.65646732665
1972-Q1,186168.23261817923
1972-Q2,185183.56964963366
1972-Q3,184383.70682965178
1972-Q4,184455.0765560931
1973-Q1,185297.1824975132
1973-Q2,186685.9547639934
1973-Q3,188065.70467464728
1973-Q4,189941.39651022913
1974-Q1,190769.62404778204
1974-Q2,191331.77465154568
1974-Q3,192921.6522307978
1974-Q4,194946.93219986555
1975-Q1,196279.20309161692
1975-Q2,197634.09941050134
1975-Q3,198539.772102616
1975-Q4,197700.80894457718
1976-Q1,195700.15788215044
1976-Q2,194175.7272930967
1976-Q3,193098.23454488392
1976-Q4,192751.60583244145
1977-Q1,192943.10543613762
1977-Q2,193530.51440449688
1977-Q3,193226.7135953874
1977-Q4,193185.99866134673
1978-Q1,192899.49174482474
1978-Q2,192757.00430209926
1978-Q3,192708.99267108302
1978-Q4,194495.53751309062
1979-Q1,195052.6048191144
1979-Q2,195013.3510024957
1979-Q3,194482.96904070236
1979-Q4,193178.59401566797
1980-Q1,188260.42117602914
1980-Q2,182341.74674086436
1980-Q3,175621.8950472401
1980-Q4,168436.55485721023
1981-Q1,160858.85527521372
1981-Q2,155198.6415625518
1981-Q3,150736.38870517316
1981-Q4,147013.7272450916
1982-Q1,143221.3053170134
1982-Q2,140237.77880752436
1982-Q3,137564.9931233369
1982-Q4,134857.04332576867
1983-Q1,131695.8806980066
1983-Q2,129157.27315019666
1983-Q3,127069.79837099364
1983-Q4,124919.45344863276
1984-Q1,122602.58526702053
1984-Q2,121533.96534835522
1984-Q3,121354.71833011984
1984-Q4,121478.42732463597
1985-Q1,121665.83187232587
1985-Q2,123417.94462426205
1985-Q3,125750.94829420964
1985-Q4,127795.7749169566
1986-Q1,129519.38192353403
1986-Q2,131808.28376156228
1986-Q3,132959.56849094486
1986-Q4,133019.7286604303
1987-Q1,131737.7845605047
1987-Q2,129863.85748565331
1987-Q3,127113.11428924616
1987-Q4,123572.66849028876
1988-Q1,119305.10210092422
1988-Q2,115705.45829803123
1988-Q3,112189.36336025379
1988-Q4,108604.88824428913
1989-Q1,104993.26958936827
1989-Q2,103608.54111192495
1989-Q3,103980.60894683743
1989-Q4,106383.23795379818
1990-Q1,110256.00019528417
1990-Q2,116146.73266582431
1990-Q3,121790.05158302595
1990-Q4,126881.69333760861
1991-Q1,130782.46222595772
1991-Q2,135120.6949163475
1991-Q3,139523.09259282984
1991-Q4,143404.9043758051
1992-Q1,146506.5778122276
1992-Q2,149601.42741971853
1992-Q3,151637.37541658786
1992-Q4,152173.11559298393
1993-Q1,151617.702533712
1993-Q2,151390.26448559543
1993-Q3,151054.23063957298
1993-Q4,149777.4653020853
1994-Q1,148208.3529417664
1994-Q2,147614.09930435428
1994-Q3,146867.87066067517
1994-Q4,145770.40217627343
1995-Q1,144470.98343454735
1995-Q2,144368.06164496666
1995-Q3,144765.0098889529
1995-Q4,145125.68938535146
1996-Q1,145300.62110119837
1996-Q2,145844.6609817292
1996-Q3,145697.68097961493
1996-Q4,143956.33014609932
1997-Q1,141259.19776330976
1997-Q2,139628.66366658243
1997-Q3,138879.9625295545
1997-Q4,138295.4252070742
1998-Q1,138798.39134860676
1998-Q2,140859.2158393322
1998-Q3,142877.29623030708
1998-Q4,143999.33345725204
1999-Q1,144156.3185908367
1999-Q2,144036.3616873798
1999-Q3,143294.32029063933
1999-Q4,141278.26537551355
2000-Q1,139321.72333344072
2000-Q2,138823.15812668775
2000-Q3,138022.38878333964
2000-Q4,135015.98071511
2001-Q1,130293.33995745696
2001-Q2,124157.03725203534
2001-Q3,116404.72849875968
2001-Q4,107707.00396089892
2002-Q1,100076.67717862396
2002-Q2,94362.76580289306
2002-Q3,90916.13208020628
2002-Q4,88851.0030919969
2003-Q1,88408.06101771242
2003-Q2,90960.74396808933
2003-Q3,94728.05232833992
2003-Q4,97597.15627976968
2004-Q1,100396.0073454307
2004-Q2,103769.53976072324
2004-Q3,106153.20951283946
2004-Q4,108103.0502018577
2005-Q1,111370.31325531931
2005-Q2,115551.34301600847
2005-Q3,119224.8821244842
2005-Q4,121426.37409727444
2006-Q1,122655.18817275472
2006-Q2,122765.62405058698
2006-Q3,121439.33943242746
2006-Q4,118338.95897311441
2007-Q1,114636.24969077777
2007-Q2,111122.50113832795
2007-Q3,107264.75031442315
2007-Q4,102273.66265362837
2008-Q1,97186.20237643126
2008-Q2,92083.01221458803
2008-Q3,86549.10549224186
2008-Q4,80028.73294692219
2009-Q1,74109.40542930481
2009-Q2,69896.35564207728
2009-Q3,67518.08098852047
2009-Q4,65846.67804458954
2010-Q1,66426.51491420701
2010-Q2,68899.963428522
2010-Q3,71738.38819920184
2010-Q4,73183.2588765637
2011-Q1,74718.05436004048
2011-Q2,76027.19295947472
2011-Q3,76429.26229315378
2011-Q4,75241.5222545566
2012-Q1,73800.70954994069
2012-Q2,72105.00186298045
2012-Q3,70128.78778286617
2012-Q4,67422.30480529336
2013-Q1,65983.84791490612
2013-Q2,66640.03971883531
2013-Q3,68510.22963494124
2013-Q4,70219.1610704778
2014-Q1,72820.94019207751
2014-Q2,75794.3860734816
2014-Q3,78336.56535032205
2014-Q4,79538.2818904495
2015-Q1,81063.32501794847
2015-Q2,83532.61625786897
2015-Q3,85904.4159112661
2015-Q4,87009.26543914505
2016-Q1,87928.55715723695
2016-Q2,88088.34118807937
2016-Q3,86690.08187492851
2016-Q4,83440.17173679327
2017-Q1,79478.1174694783
2017-Q2,75865.9037807605
2017-Q3,72639.04161692719
2017-Q4,69452.3016145962
2018-Q1,67503.29006218922
2018-Q2,67562.33268463351
2018-Q3,68807.85662912724
2018-Q4,70371.56891202876
2019-Q1,72662.8880871418
2019-Q2,75206.03041629991
2019-Q3,75567.13385207024
2019-Q4,71750.13845582872
2020-Q1,63888.374779598154
2020-Q2,55938.98516886302
2020-Q3,50178.00740376413
2020-Q4,47733.48540092483
2021-Q1,51088.3713461948
2021-Q2,61731.46649372041
2021-Q3,75129.35784843014
2021-Q4,88667.81108911971
2022-Q1,102739.38508819851
2022-Q2,117026.00826625312
2022-Q3,129595.48503234939
2022-Q4,140474.62938552166
2023-Q1,149855.50042683183
2023-Q2,158138.69773189156
2023-Q3,163867.8133569535
2023-Q4,164964.78730595793
2024-Q1,161576.73941706851
2024-Q2,154066.14073612634
2024-Q3,142328.83005856868
2024-Q4,127881.35168274639
2025-Q1,117538.28556898967
2025-Q2,100000.96716222142
2025-Q3,76002.31500962196
2025-Q4,54840.31366961028
2026-Q1,6798.187509134242
2026-Q2,6520.438165436477
2026-Q3,7362.711299423002
2026-Q4,8272.939429155076
